Name,Student Number,Employee Number,email,GTA,Program,Full Time,Year In Program,Min Hours,Preferred Hours,Max Hours,Study Permit,Prior TA?,Courses TAed Before,Pref Subjects,Average Grade,,,,
TA5000,500000,Emp5000,TA5000@hotmail.com,UTA,F1,1,4,0,12,12,1,1,,F1;F2,82.3,,,168,320
TA5001,500001,Emp5001,TA5001@hotmail.com,UTA,F1,1,3,0,6,12,1,0,,F1;F2,66.7,,,,
TA5002,500002,Emp5002,TA5002@hotmail.com,UTA,F1,1,3,0,8,12,1,0,,F1;F2,91,,,,
TA5003,500003,Emp5003,TA5003@hotmail.com,UTA,F1,1,2,0,12,12,1,1,,F1;F2,83.7,,,,
TA5004,500004,Emp5004,TA5004@hotmail.com,UTA,F1,1,2,0,12,12,1,1,,F1;F2,86.2,,,,
TA5005,500005,Emp5005,TA5005@hotmail.com,UTA,F1,1,2,0,10,12,1,1,,F1;F2,78.2,,,,
TA5006,500006,Emp5006,TA5006@hotmail.com,UTA,F1,1,3,0,8,12,1,0,,F1;F2,90.6,,,,
TA5007,500007,Emp5007,TA5007@hotmail.com,UTA,F1,1,1,0,6,12,1,1,,F1;F2,70.1,,,,
TA5008,500008,Emp5008,TA5008@hotmail.com,UTA,F1,1,2,0,12,12,1,0,,F1;F4,70.5,,,,
TA5009,500009,Emp5009,TA5009@hotmail.com,UTA,F1,1,1,0,12,12,1,0,,F1;F4,89.7,,,,
TA5010,500010,Emp5010,TA5010@hotmail.com,UTA,F1,1,4,0,10,12,1,1,,F1;F2,83.6,,,,
TA5011,500011,Emp5011,TA5011@hotmail.com,UTA,F1,1,1,0,8,12,1,0,,F1;F4,92.8,,,,
TA5012,500012,Emp5012,TA5012@hotmail.com,UTA,F1,1,3,0,10,12,1,1,,F1;F2,71.4,,,,
TA5013,500013,Emp5013,TA5013@hotmail.com,UTA,F1,1,3,0,6,12,1,0,,F1;F2,61.8,,,,
TA5014,500014,Emp5014,TA5014@hotmail.com,UTA,F1,1,2,0,10,12,1,0,,F1;F4,76.2,,,,
TA5015,500015,Emp5015,TA5015@hotmail.com,UTA,F1,1,1,0,12,12,1,0,,F1;F2,66.9,,,,
TA5016,500016,Emp5016,TA5016@hotmail.com,UTA,F1,1,3,0,6,12,1,1,,F1;F4,76.5,,,,
TA5017,500017,Emp5017,TA5017@hotmail.com,UTA,F1,1,1,0,10,12,1,1,,F1;F4,81.5,,,,
TA5018,500018,Emp5018,TA5018@hotmail.com,UTA,F1,1,1,0,12,12,1,0,,F1;F4,84.1,,,,
TA5019,500019,Emp5019,TA5019@hotmail.com,UTA,F1,1,3,0,6,12,1,1,,F1;F2,65.6,,,,
TA5020,500020,Emp5020,TA5020@hotmail.com,UTA,F1,1,1,0,8,12,1,1,,F1;F4,81.4,,,,
TA5021,500021,Emp5021,TA5021@hotmail.com,UTA,F1,1,2,0,8,12,1,1,,F1;F4,92,,,,
TA5022,500022,Emp5022,TA5022@hotmail.com,UTA,F1,1,1,0,10,12,1,0,,F1;F4,80.8,,,,
TA5023,500023,Emp5023,TA5023@hotmail.com,UTA,F1,1,2,0,10,12,1,1,,F1;F2,78.6,,,,
TA5024,500024,Emp5024,TA5024@hotmail.com,UTA,F1,1,4,0,6,12,1,1,,F1;F2,74.3,,,,
TA5025,500025,Emp5025,TA5025@hotmail.com,UTA,F1,1,3,0,10,12,1,0,,F1;F2,89.4,,,,
TA5026,500026,Emp5026,TA5026@hotmail.com,UTA,F1,1,3,0,8,12,1,1,,F1;F2,81.6,,,,
TA5027,500027,Emp5027,TA5027@hotmail.com,UTA,F1,1,2,0,6,12,1,1,,F1;F4,62.4,,,,
TA5028,500028,Emp5028,TA5028@hotmail.com,UTA,F1,1,4,0,10,12,1,1,,F1;F4,73.7,,,,
TA5029,500029,Emp5029,TA5029@hotmail.com,UTA,F1,1,2,0,12,12,1,0,,F1;F4,85.7,,,,
TA5030,500030,Emp5030,TA5030@hotmail.com,UTA,F1,1,1,0,8,12,1,1,,F1;F4,93.6,,,,
TA5031,500031,Emp5031,TA5031@hotmail.com,UTA,F1,1,2,0,10,12,1,1,,F1;F4,79.6,,,,
TA5032,500032,Emp5032,TA5032@hotmail.com,UTA,F1,1,4,0,8,12,1,1,,F1;F2,67,,,,
TA5033,500033,Emp5033,TA5033@hotmail.com,UTA,F1,1,2,0,8,12,1,1,,F1;F2,82.6,,,,
TA5034,500034,Emp5034,TA5034@hotmail.com,UTA,F1,1,2,0,8,12,1,0,,F1;F4,73.5,,,,
TA5035,500035,Emp5035,TA5035@hotmail.com,UTA,F1,1,2,0,6,12,1,0,,F1;F2,65.5,,,,
TA5036,500036,Emp5036,TA5036@hotmail.com,UTA,F1,1,4,0,12,12,1,0,,F1;F4,88.8,,,,
TA5037,500037,Emp5037,TA5037@hotmail.com,UTA,F1,1,1,0,10,12,1,0,,F1;F2,79.5,,,,
TA5038,500038,Emp5038,TA5038@hotmail.com,UTA,F1,1,1,0,8,12,1,0,,F1;F2,83.3,,,,
TA5039,500039,Emp5039,TA5039@hotmail.com,UTA,F1,1,1,0,8,12,1,0,,F1;F2,93.6,,,,
TA5040,500040,Emp5040,TA5040@hotmail.com,UTA,F1,1,3,0,12,12,1,0,,F1;F2,75.4,,,,
TA5041,500041,Emp5041,TA5041@hotmail.com,UTA,F1,1,2,0,12,12,1,1,,F1;F4,93.1,,,,
TA5042,500042,Emp5042,TA5042@hotmail.com,UTA,F1,1,2,0,12,12,1,1,,F1;F4,83.4,,,,
TA5043,500043,Emp5043,TA5043@hotmail.com,UTA,F1,1,1,0,8,12,1,1,,F1;F2,75.4,,,,
TA5044,500044,Emp5044,TA5044@hotmail.com,UTA,F1,1,3,0,12,12,1,0,,F1;F2,77.3,,,,
TA5045,500045,Emp5045,TA5045@hotmail.com,UTA,F1,1,2,0,10,12,1,1,,F1;F4,94.8,,,,
TA5046,500046,Emp5046,TA5046@hotmail.com,UTA,F1,1,2,0,10,12,1,0,,F1;F4,94.1,,,,
TA5047,500047,Emp5047,TA5047@hotmail.com,UTA,F1,1,1,0,6,12,1,0,,F1;F2,94.7,,,,
TA5048,500048,Emp5048,TA5048@hotmail.com,UTA,F1,1,4,0,6,12,1,1,,F1;F2,83.3,,,,
TA5049,500049,Emp5049,TA5049@hotmail.com,UTA,F1,1,4,0,10,12,1,0,,F1;F4,72.9,,,,
TA5050,500050,Emp5050,TA5050@hotmail.com,UTA,F1,1,4,0,6,12,1,0,,F1;F4,64.5,,,,
TA5051,500051,Emp5051,TA5051@hotmail.com,UTA,F1,1,1,0,6,12,1,0,,F1;F2,90.8,,,,
TA5052,500052,Emp5052,TA5052@hotmail.com,UTA,F1,1,1,0,10,12,1,0,,F1;F2,80.9,,,,
TA5053,500053,Emp5053,TA5053@hotmail.com,UTA,F1,1,2,0,12,12,1,0,,F1;F2,78.6,,,,
TA5054,500054,Emp5054,TA5054@hotmail.com,UTA,F1,1,3,0,12,12,1,0,,F1;F2,74.5,,,,
TA5055,500055,Emp5055,TA5055@hotmail.com,UTA,F1,1,1,0,12,12,1,1,,F1;F4,73.9,,,,
TA5056,500056,Emp5056,TA5056@hotmail.com,UTA,F1,1,4,0,6,12,1,0,,F1;F2,64.7,,,,
TA5057,500057,Emp5057,TA5057@hotmail.com,UTA,F1,1,1,0,12,12,1,1,,F1;F2,97,,,,
TA5058,500058,Emp5058,TA5058@hotmail.com,UTA,F1,1,1,0,10,12,1,1,,F1;F2,95.2,,,,
TA5059,500059,Emp5059,TA5059@hotmail.com,UTA,F1,1,2,0,12,12,1,1,,F1;F2,91.4,,,,
TA5060,500060,Emp5060,TA5060@hotmail.com,UTA,F1,1,3,0,10,12,1,1,,F1;F4,86,,,,
TA5061,500061,Emp5061,TA5061@hotmail.com,UTA,F1,1,2,0,8,12,1,0,,F1;F2,66.1,,,,
TA5062,500062,Emp5062,TA5062@hotmail.com,UTA,F1,1,3,0,8,12,1,1,,F1;F2,71,,,,
TA5063,500063,Emp5063,TA5063@hotmail.com,UTA,F1,1,4,0,6,12,1,1,,F1;F4,75.1,,,,
TA5064,500064,Emp5064,TA5064@hotmail.com,UTA,F1,1,2,0,6,12,1,1,,F1;F4,84.1,,,,
TA5065,500065,Emp5065,TA5065@hotmail.com,UTA,F1,1,2,0,8,12,1,1,,F1;F4,87.8,,,,
TA5066,500066,Emp5066,TA5066@hotmail.com,UTA,F1,1,3,0,8,12,1,0,,F1;F4,88.4,,,,
TA5067,500067,Emp5067,TA5067@hotmail.com,UTA,F1,1,4,0,6,12,1,1,,F1;F4,75.3,,,,
TA5068,500068,Emp5068,TA5068@hotmail.com,UTA,F1,1,1,0,10,12,1,1,,F1;F4,71,,,,
TA5069,500069,Emp5069,TA5069@hotmail.com,UTA,F1,1,3,0,12,12,1,1,,F1;F2,78.2,,,,
TA5070,500070,Emp5070,TA5070@hotmail.com,UTA,F1,1,1,0,8,12,1,1,,F1;F4,83,,,,
TA5071,500071,Emp5071,TA5071@hotmail.com,UTA,F1,1,4,0,8,12,1,1,,F1;F4,94,,,,
TA5072,500072,Emp5072,TA5072@hotmail.com,UTA,F1,1,2,0,6,12,1,0,,F1;F4,74.8,,,,
TA5073,500073,Emp5073,TA5073@hotmail.com,UTA,F1,1,4,0,6,12,1,0,,F1;F2,72.5,,,,
TA5074,500074,Emp5074,TA5074@hotmail.com,UTA,F1,1,1,0,12,12,1,0,,F1;F4,77.3,,,,
TA5075,500075,Emp5075,TA5075@hotmail.com,UTA,F1,1,4,0,8,12,1,1,,F1;F4,70.5,,,,
TA5076,500076,Emp5076,TA5076@hotmail.com,UTA,F1,1,2,0,6,12,1,1,,F1;F4,74,,,,
TA5077,500077,Emp5077,TA5077@hotmail.com,UTA,F1,1,4,0,12,12,1,1,,F1;F2,80.7,,,,
TA5078,500078,Emp5078,TA5078@hotmail.com,UTA,F1,1,4,0,6,12,1,0,,F1;F4,95.7,,,,
TA5079,500079,Emp5079,TA5079@hotmail.com,UTA,F1,1,3,0,8,12,1,0,,F1;F4,62.4,,,,
TA5080,500080,Emp5080,TA5080@hotmail.com,UTA,F1,1,2,0,8,12,1,1,,F1;F2,84.7,,,,
TA5081,500081,Emp5081,TA5081@hotmail.com,UTA,F1,1,3,0,10,12,1,1,,F1;F4,89.3,,,,
TA5082,500082,Emp5082,TA5082@hotmail.com,UTA,F1,1,4,0,6,12,1,0,,F1;F4,94.8,,,,
TA5083,500083,Emp5083,TA5083@hotmail.com,UTA,F1,1,4,0,12,12,1,1,,F1;F4,72.2,,,,
TA5084,500084,Emp5084,TA5084@hotmail.com,UTA,F1,1,2,0,12,12,1,0,,F1;F4,63.9,,,,
TA5085,500085,Emp5085,TA5085@hotmail.com,UTA,F1,1,3,0,10,12,1,0,,F1;F2,92.5,,,,
TA5086,500086,Emp5086,TA5086@hotmail.com,UTA,F1,1,1,0,6,12,1,0,,F1;F2,70.8,,,,
TA5087,500087,Emp5087,TA5087@hotmail.com,UTA,F1,1,4,0,12,12,1,1,,F1;F2,96,,,,
TA5088,500088,Emp5088,TA5088@hotmail.com,UTA,F1,1,4,0,12,12,1,1,,F1;F4,64.5,,,,
TA5089,500089,Emp5089,TA5089@hotmail.com,UTA,F1,1,3,0,8,12,1,1,,F1;F2,68.1,,,,
TA5090,500090,Emp5090,TA5090@hotmail.com,UTA,F1,1,2,0,6,12,1,1,,F1;F4,76,,,,
TA5091,500091,Emp5091,TA5091@hotmail.com,UTA,F1,1,3,0,8,12,1,1,,F1;F2,71.3,,,,
TA5092,500092,Emp5092,TA5092@hotmail.com,UTA,F1,1,3,0,10,12,1,1,,F1;F2,89.7,,,,
TA5093,500093,Emp5093,TA5093@hotmail.com,UTA,F1,1,4,0,10,12,1,1,,F1;F4,65.4,,,,
TA6094,600094,Emp6094,TA6094@hotmail.com,GTA1,F1,1,5,10,10,12,1,1,,F1;F2,,,,,
TA6095,600095,Emp6095,TA6095@hotmail.com,GTA2,F1,1,6,6,8,12,1,1,,F1;F2,,,,,
TA6096,600096,Emp6096,TA6096@hotmail.com,GTA2,F1,1,5,8,8,12,1,1,,F1;F4,,,,,
TA6097,600097,Emp6097,TA6097@hotmail.com,GTA2,F1,1,5,10,12,12,1,1,,F1;F4,,,,,
TA6098,600098,Emp6098,TA6098@hotmail.com,GTA2,F1,1,6,4,10,12,1,1,,F1;F4,,,,,
TA6099,600099,Emp6099,TA6099@hotmail.com,GTA2,F1,1,6,12,12,12,1,0,,F1;F2,,,,,
TA6100,600100,Emp6100,TA6100@hotmail.com,GTA1,F1,1,5,10,10,12,1,0,,F1;F2,,,,,
TA6101,600101,Emp6101,TA6101@hotmail.com,GTA1,F1,1,6,6,10,12,1,1,,F1;F2,,,,,
TA6102,600102,Emp6102,TA6102@hotmail.com,GTA1,F1,1,5,12,12,12,1,1,,F1;F2,,,,,
TA6103,600103,Emp6103,TA6103@hotmail.com,GTA2,F1,1,6,10,12,12,1,1,,F1;F2,,,,,
TA6104,600104,Emp6104,TA6104@hotmail.com,GTA2,F1,1,5,12,12,12,1,1,,F1;F4,,,,,
TA6105,600105,Emp6105,TA6105@hotmail.com,GTA1,F1,1,6,4,12,12,1,1,,F1;F4,,,,,
TA6106,600106,Emp6106,TA6106@hotmail.com,GTA1,F1,1,5,12,12,12,1,1,,F1;F2,,,,,
TA6107,600107,Emp6107,TA6107@hotmail.com,GTA1,F1,1,5,4,10,12,1,1,,F1;F2,,,,,
TA6108,600108,Emp6108,TA6108@hotmail.com,GTA1,F1,1,5,4,12,12,1,0,,F1;F4,,,,,
TA6109,600109,Emp6109,TA6109@hotmail.com,GTA2,F1,1,6,6,8,12,1,0,,F1;F2,,,,,
TA6110,600110,Emp6110,TA6110@hotmail.com,GTA1,F1,1,6,12,12,12,1,1,,F1;F2,,,,,
TA6111,600111,Emp6111,TA6111@hotmail.com,GTA1,F1,1,5,10,10,12,1,0,,F1;F2,,,,,
TA6112,600112,Emp6112,TA6112@hotmail.com,GTA2,F1,1,6,6,8,12,1,0,,F1;F2,,,,,
TA6113,600113,Emp6113,TA6113@hotmail.com,GTA2,F1,1,6,4,10,12,1,1,,F1;F4,,,,,
TA6114,600114,Emp6114,TA6114@hotmail.com,GTA1,F1,1,6,10,10,12,1,1,,F1;F2,,,,,
TA6115,600115,Emp6115,TA6115@hotmail.com,GTA2,F1,1,6,12,12,12,1,1,,F1;F4,,,,,
TA6116,600116,Emp6116,TA6116@hotmail.com,GTA1,F1,1,5,12,12,12,1,1,,F1;F2,,,,,
TA6117,600117,Emp6117,TA6117@hotmail.com,GTA2,F1,1,6,12,12,12,1,0,,F1;F2,,,,,
TA6118,600118,Emp6118,TA6118@hotmail.com,GTA1,F1,1,5,12,12,12,1,0,,F1;F4,,,,,
TA6119,600119,Emp6119,TA6119@hotmail.com,GTA1,F1,1,5,8,8,12,1,0,,F1;F4,,,,,
TA5120,500120,Emp5120,TA5120@hotmail.com,UTA,F4,1,2,0,8,12,1,1,,F4;F1,79.6,,,,
TA5121,500121,Emp5121,TA5121@hotmail.com,UTA,F4,1,3,0,10,12,1,1,,F4;F1,79.1,,,,
TA5122,500122,Emp5122,TA5122@hotmail.com,UTA,F4,1,2,0,8,12,1,0,,F4;F3,76.7,,,,
TA5123,500123,Emp5123,TA5123@hotmail.com,UTA,F4,1,2,0,12,12,1,0,,F4;F1,83.5,,,,
TA5124,500124,Emp5124,TA5124@hotmail.com,UTA,F4,1,4,0,8,12,1,1,,F4;F3,62.4,,,,
TA5125,500125,Emp5125,TA5125@hotmail.com,UTA,F4,1,2,0,10,12,1,1,,F4;F1,83.5,,,,
TA5126,500126,Emp5126,TA5126@hotmail.com,UTA,F4,1,3,0,8,12,1,1,,F4;F1,73.5,,,,
TA5127,500127,Emp5127,TA5127@hotmail.com,UTA,F4,1,3,0,12,12,1,1,,F4;F3,63.7,,,,
TA5128,500128,Emp5128,TA5128@hotmail.com,UTA,F4,1,3,0,8,12,1,0,,F4;F1,72.3,,,,
TA5129,500129,Emp5129,TA5129@hotmail.com,UTA,F4,1,3,0,8,12,1,0,,F4;F1,63.5,,,,
TA5130,500130,Emp5130,TA5130@hotmail.com,UTA,F4,1,2,0,8,12,1,1,,F4;F1,80.5,,,,
TA5131,500131,Emp5131,TA5131@hotmail.com,UTA,F4,1,2,0,10,12,1,1,,F4;F1,64.9,,,,
TA5132,500132,Emp5132,TA5132@hotmail.com,UTA,F4,1,1,0,6,12,1,1,,F4;F1,66.5,,,,
TA5133,500133,Emp5133,TA5133@hotmail.com,UTA,F4,1,1,0,10,12,1,0,,F4;F1,84.1,,,,
TA5134,500134,Emp5134,TA5134@hotmail.com,UTA,F4,1,1,0,6,12,1,1,,F4;F3,89,,,,
TA5135,500135,Emp5135,TA5135@hotmail.com,UTA,F4,1,3,0,8,12,1,1,,F4;F1,66.5,,,,
TA5136,500136,Emp5136,TA5136@hotmail.com,UTA,F4,1,1,0,8,12,1,0,,F4;F3,76.2,,,,
TA5137,500137,Emp5137,TA5137@hotmail.com,UTA,F4,1,4,0,12,12,1,1,,F4;F3,83,,,,
TA5138,500138,Emp5138,TA5138@hotmail.com,UTA,F4,1,2,0,12,12,1,0,,F4;F3,78.3,,,,
TA5139,500139,Emp5139,TA5139@hotmail.com,UTA,F4,1,3,0,6,12,1,0,,F4;F3,66.5,,,,
TA5140,500140,Emp5140,TA5140@hotmail.com,UTA,F4,1,1,0,10,12,1,0,,F4;F3,72,,,,
TA5141,500141,Emp5141,TA5141@hotmail.com,UTA,F4,1,1,0,10,12,1,0,,F4;F1,90.5,,,,
TA5142,500142,Emp5142,TA5142@hotmail.com,UTA,F4,1,4,0,10,12,1,0,,F4;F3,82.5,,,,
TA6143,600143,Emp6143,TA6143@hotmail.com,GTA2,F4,1,5,12,12,12,1,0,,F4;F1,,,,,
TA6144,600144,Emp6144,TA6144@hotmail.com,GTA1,F4,1,5,12,12,12,1,0,,F4;F3,,,,,
TA6145,600145,Emp6145,TA6145@hotmail.com,GTA1,F4,1,5,6,10,12,1,0,,F4;F1,,,,,
TA6146,600146,Emp6146,TA6146@hotmail.com,GTA1,F4,1,6,6,12,12,1,0,,F4;F3,,,,,
TA6147,600147,Emp6147,TA6147@hotmail.com,GTA2,F4,1,5,8,12,12,1,1,,F4;F1,,,,,
TA6148,600148,Emp6148,TA6148@hotmail.com,GTA1,F4,1,6,12,12,12,1,1,,F4;F1,,,,,
TA6149,600149,Emp6149,TA6149@hotmail.com,GTA2,F4,1,5,10,10,12,1,0,,F4;F3,,,,,
TA5150,500150,Emp5150,TA5150@hotmail.com,UTA,F3,1,4,0,6,12,1,1,,F3;F4,95.2,,,,
TA5151,500151,Emp5151,TA5151@hotmail.com,UTA,F3,1,4,0,10,12,1,0,,F3;F4,79.4,,,,
TA5152,500152,Emp5152,TA5152@hotmail.com,UTA,F3,1,3,0,10,12,1,1,,F3;F4,63.9,,,,
TA5153,500153,Emp5153,TA5153@hotmail.com,UTA,F3,1,3,0,10,12,1,1,,F3;F4,74.3,,,,
TA5154,500154,Emp5154,TA5154@hotmail.com,UTA,F3,1,2,0,12,12,1,1,,F3;F4,75.3,,,,
TA5155,500155,Emp5155,TA5155@hotmail.com,UTA,F3,1,4,0,12,12,1,0,,F3;F4,83.5,,,,
TA5156,500156,Emp5156,TA5156@hotmail.com,UTA,F3,1,2,0,12,12,1,0,,F3;F4,85.7,,,,
TA5157,500157,Emp5157,TA5157@hotmail.com,UTA,F3,1,3,0,6,12,1,0,,F3;F4,66.5,,,,
TA5158,500158,Emp5158,TA5158@hotmail.com,UTA,F3,1,1,0,6,12,1,0,,F3;F4,71.8,,,,
TA5159,500159,Emp5159,TA5159@hotmail.com,UTA,F3,1,1,0,12,12,1,1,,F3;F4,90.2,,,,
TA5160,500160,Emp5160,TA5160@hotmail.com,UTA,F3,1,3,0,10,12,1,1,,F3;F4,67.5,,,,
TA5161,500161,Emp5161,TA5161@hotmail.com,UTA,F3,1,2,0,10,12,1,0,,F3;F4,82.6,,,,
TA5162,500162,Emp5162,TA5162@hotmail.com,UTA,F3,1,4,0,6,12,1,0,,F3;F4,79.5,,,,
TA5163,500163,Emp5163,TA5163@hotmail.com,UTA,F3,1,1,0,8,12,1,0,,F3;F4,60.3,,,,
TA5164,500164,Emp5164,TA5164@hotmail.com,UTA,F3,1,2,0,10,12,1,1,,F3;F4,69,,,,
TA5165,500165,Emp5165,TA5165@hotmail.com,UTA,F3,1,2,0,8,12,1,1,,F3;F4,67.2,,,,
TA5166,500166,Emp5166,TA5166@hotmail.com,UTA,F3,1,4,0,12,12,1,0,,F3;F4,64.2,,,,
TA5167,500167,Emp5167,TA5167@hotmail.com,UTA,F3,1,3,0,6,12,1,0,,F3;F4,83.3,,,,
TA5168,500168,Emp5168,TA5168@hotmail.com,UTA,F3,1,3,0,12,12,1,1,,F3;F4,85.2,,,,
TA5169,500169,Emp5169,TA5169@hotmail.com,UTA,F3,1,2,0,12,12,1,0,,F3;F4,79.9,,,,
TA5170,500170,Emp5170,TA5170@hotmail.com,UTA,F3,1,4,0,10,12,1,0,,F3;F4,87.3,,,,
TA5171,500171,Emp5171,TA5171@hotmail.com,UTA,F3,1,4,0,12,12,1,1,,F3;F4,78.5,,,,
TA5172,500172,Emp5172,TA5172@hotmail.com,UTA,F3,1,4,0,10,12,1,0,,F3;F4,76.3,,,,
TA5173,500173,Emp5173,TA5173@hotmail.com,UTA,F3,1,3,0,12,12,1,0,,F3;F4,75.6,,,,
TA5174,500174,Emp5174,TA5174@hotmail.com,UTA,F3,1,1,0,12,12,1,1,,F3;F4,85.8,,,,
TA5175,500175,Emp5175,TA5175@hotmail.com,UTA,F3,1,1,0,8,12,1,1,,F3;F4,78.5,,,,
TA5176,500176,Emp5176,TA5176@hotmail.com,UTA,F3,1,4,0,12,12,1,1,,F3;F4,76.8,,,,
TA5177,500177,Emp5177,TA5177@hotmail.com,UTA,F3,1,2,0,10,12,1,1,,F3;F4,72.5,,,,
TA5178,500178,Emp5178,TA5178@hotmail.com,UTA,F3,1,3,0,10,12,1,0,,F3;F4,73.9,,,,
TA5179,500179,Emp5179,TA5179@hotmail.com,UTA,F3,1,2,0,12,12,1,0,,F3;F4,93.5,,,,
TA5180,500180,Emp5180,TA5180@hotmail.com,UTA,F3,1,1,0,8,12,1,0,,F3;F4,64.3,,,,
TA5181,500181,Emp5181,TA5181@hotmail.com,UTA,F3,1,4,0,12,12,1,1,,F3;F4,83.2,,,,
TA5182,500182,Emp5182,TA5182@hotmail.com,UTA,F3,1,3,0,8,12,1,0,,F3;F4,78.4,,,,
TA5183,500183,Emp5183,TA5183@hotmail.com,UTA,F3,1,1,0,12,12,1,0,,F3;F4,77.3,,,,
TA5184,500184,Emp5184,TA5184@hotmail.com,UTA,F3,1,3,0,6,12,1,0,,F3;F4,95.7,,,,
TA5185,500185,Emp5185,TA5185@hotmail.com,UTA,F3,1,3,0,10,12,1,1,,F3;F4,63.8,,,,
TA5186,500186,Emp5186,TA5186@hotmail.com,UTA,F3,1,3,0,6,12,1,1,,F3;F4,74.6,,,,
TA5187,500187,Emp5187,TA5187@hotmail.com,UTA,F3,1,1,0,10,12,1,0,,F3;F4,71.7,,,,
TA5188,500188,Emp5188,TA5188@hotmail.com,UTA,F3,1,3,0,12,12,1,1,,F3;F4,89.6,,,,
TA5189,500189,Emp5189,TA5189@hotmail.com,UTA,F3,1,4,0,12,12,1,1,,F3;F4,84.8,,,,
TA5190,500190,Emp5190,TA5190@hotmail.com,UTA,F3,1,1,0,10,12,1,1,,F3;F4,77,,,,
TA5191,500191,Emp5191,TA5191@hotmail.com,UTA,F3,1,2,0,6,12,1,1,,F3;F4,86.5,,,,
TA5192,500192,Emp5192,TA5192@hotmail.com,UTA,F3,1,2,0,10,12,1,1,,F3;F4,74.6,,,,
TA5193,500193,Emp5193,TA5193@hotmail.com,UTA,F3,1,2,0,6,12,1,1,,F3;F4,74,,,,
TA5194,500194,Emp5194,TA5194@hotmail.com,UTA,F3,1,1,0,12,12,1,1,,F3;F4,67.4,,,,
TA5195,500195,Emp5195,TA5195@hotmail.com,UTA,F3,1,3,0,10,12,1,1,,F3;F4,82.5,,,,
TA5196,500196,Emp5196,TA5196@hotmail.com,UTA,F3,1,4,0,6,12,1,1,,F3;F4,83.4,,,,
TA6197,600197,Emp6197,TA6197@hotmail.com,GTA1,F3,1,5,8,8,12,1,0,,F3;F4,,,,,
TA6198,600198,Emp6198,TA6198@hotmail.com,GTA2,F3,1,6,6,6,12,1,0,,F3;F4,,,,,
TA6199,600199,Emp6199,TA6199@hotmail.com,GTA2,F3,1,6,6,12,12,1,1,,F3;F4,,,,,
TA6200,600200,Emp6200,TA6200@hotmail.com,GTA2,F3,1,6,4,6,12,1,1,,F3;F4,,,,,
TA6201,600201,Emp6201,TA6201@hotmail.com,GTA1,F3,1,6,4,8,12,1,1,,F3;F4,,,,,
TA6202,600202,Emp6202,TA6202@hotmail.com,GTA2,F3,1,6,10,12,12,1,1,,F3;F4,,,,,
TA6203,600203,Emp6203,TA6203@hotmail.com,GTA2,F3,1,6,10,10,12,1,0,,F3;F4,,,,,
TA6204,600204,Emp6204,TA6204@hotmail.com,GTA2,F3,1,6,8,8,12,1,1,,F3;F4,,,,,
TA6205,600205,Emp6205,TA6205@hotmail.com,GTA2,F3,1,5,10,10,12,1,0,,F3;F4,,,,,
TA6206,600206,Emp6206,TA6206@hotmail.com,GTA1,F3,1,6,10,10,12,1,1,,F3;F4,,,,,
TA6207,600207,Emp6207,TA6207@hotmail.com,GTA1,F3,1,5,8,10,12,1,1,,F3;F4,,,,,
TA6208,600208,Emp6208,TA6208@hotmail.com,GTA1,F3,1,5,6,8,12,1,1,,F3;F4,,,,,
TA6209,600209,Emp6209,TA6209@hotmail.com,GTA2,F3,1,6,10,10,12,1,1,,F3;F4,,,,,
TA5210,500210,Emp5210,TA5210@hotmail.com,UTA,F2,1,2,0,10,12,1,1,,F2;F1,84.9,,,,
TA5211,500211,Emp5211,TA5211@hotmail.com,UTA,F2,1,3,0,10,12,1,0,,F2;F1,61.4,,,,
TA5212,500212,Emp5212,TA5212@hotmail.com,UTA,F2,1,4,0,6,12,1,1,,F2;F1,95.5,,,,
TA5213,500213,Emp5213,TA5213@hotmail.com,UTA,F2,1,3,0,12,12,1,1,,F2;F1,86.6,,,,
TA5214,500214,Emp5214,TA5214@hotmail.com,UTA,F2,1,3,0,12,12,1,1,,F2;F1,92.4,,,,
TA5215,500215,Emp5215,TA5215@hotmail.com,UTA,F2,1,1,0,8,12,1,0,,F2;F1,73.7,,,,
TA5216,500216,Emp5216,TA5216@hotmail.com,UTA,F2,1,1,0,12,12,1,0,,F2;F1,95.8,,,,
TA5217,500217,Emp5217,TA5217@hotmail.com,UTA,F2,1,4,0,6,12,1,1,,F2;F1,78.2,,,,
TA5218,500218,Emp5218,TA5218@hotmail.com,UTA,F2,1,1,0,6,12,1,1,,F2;F1,61.5,,,,
TA5219,500219,Emp5219,TA5219@hotmail.com,UTA,F2,1,4,0,6,12,1,0,,F2;F1,87.4,,,,
TA5220,500220,Emp5220,TA5220@hotmail.com,UTA,F2,1,4,0,10,12,1,0,,F2;F1,67.8,,,,
TA5221,500221,Emp5221,TA5221@hotmail.com,UTA,F2,1,2,0,12,12,1,1,,F2;F1,94.4,,,,
TA5222,500222,Emp5222,TA5222@hotmail.com,UTA,F2,1,3,0,8,12,1,1,,F2;F1,84.2,,,,
TA5223,500223,Emp5223,TA5223@hotmail.com,UTA,F2,1,1,0,10,12,1,0,,F2;F1,84.9,,,,
TA5224,500224,Emp5224,TA5224@hotmail.com,UTA,F2,1,3,0,12,12,1,0,,F2;F1,87.8,,,,
TA5225,500225,Emp5225,TA5225@hotmail.com,UTA,F2,1,2,0,8,12,1,1,,F2;F1,77.7,,,,
TA5226,500226,Emp5226,TA5226@hotmail.com,UTA,F2,1,3,0,12,12,1,1,,F2;F1,80.7,,,,
TA5227,500227,Emp5227,TA5227@hotmail.com,UTA,F2,1,3,0,6,12,1,1,,F2;F1,83.1,,,,
TA5228,500228,Emp5228,TA5228@hotmail.com,UTA,F2,1,2,0,8,12,1,1,,F2;F1,85.6,,,,
TA5229,500229,Emp5229,TA5229@hotmail.com,UTA,F2,1,1,0,10,12,1,0,,F2;F1,79,,,,
TA5230,500230,Emp5230,TA5230@hotmail.com,UTA,F2,1,2,0,10,12,1,0,,F2;F1,83.4,,,,
TA5231,500231,Emp5231,TA5231@hotmail.com,UTA,F2,1,3,0,12,12,1,0,,F2;F1,93.4,,,,
TA5232,500232,Emp5232,TA5232@hotmail.com,UTA,F2,1,1,0,8,12,1,1,,F2;F1,74.3,,,,
TA5233,500233,Emp5233,TA5233@hotmail.com,UTA,F2,1,4,0,12,12,1,0,,F2;F1,82.4,,,,
TA5234,500234,Emp5234,TA5234@hotmail.com,UTA,F2,1,4,0,6,12,1,0,,F2;F1,65.1,,,,
TA5235,500235,Emp5235,TA5235@hotmail.com,UTA,F2,1,1,0,8,12,1,1,,F2;F1,82.5,,,,
TA5236,500236,Emp5236,TA5236@hotmail.com,UTA,F2,1,1,0,6,12,1,0,,F2;F1,92.3,,,,
TA5237,500237,Emp5237,TA5237@hotmail.com,UTA,F2,1,2,0,10,12,1,0,,F2;F1,88.3,,,,
TA5238,500238,Emp5238,TA5238@hotmail.com,UTA,F2,1,1,0,10,12,1,0,,F2;F1,88.7,,,,
TA5239,500239,Emp5239,TA5239@hotmail.com,UTA,F2,1,2,0,10,12,1,0,,F2;F1,88.7,,,,
TA5240,500240,Emp5240,TA5240@hotmail.com,UTA,F2,1,3,0,6,12,1,0,,F2;F1,72.1,,,,
TA5241,500241,Emp5241,TA5241@hotmail.com,UTA,F2,1,1,0,10,12,1,0,,F2;F1,88.9,,,,
TA5242,500242,Emp5242,TA5242@hotmail.com,UTA,F2,1,1,0,8,12,1,0,,F2;F1,84.3,,,,
TA5243,500243,Emp5243,TA5243@hotmail.com,UTA,F2,1,4,0,10,12,1,1,,F2;F1,78.6,,,,
TA5244,500244,Emp5244,TA5244@hotmail.com,UTA,F2,1,1,0,8,12,1,0,,F2;F1,74.2,,,,
TA5245,500245,Emp5245,TA5245@hotmail.com,UTA,F2,1,2,0,6,12,1,1,,F2;F1,73.5,,,,
TA5246,500246,Emp5246,TA5246@hotmail.com,UTA,F2,1,2,0,12,12,1,0,,F2;F1,88.2,,,,
TA5247,500247,Emp5247,TA5247@hotmail.com,UTA,F2,1,2,0,10,12,1,0,,F2;F1,74.6,,,,
TA5248,500248,Emp5248,TA5248@hotmail.com,UTA,F2,1,4,0,12,12,1,1,,F2;F1,84,,,,
TA5249,500249,Emp5249,TA5249@hotmail.com,UTA,F2,1,3,0,10,12,1,0,,F2;F1,76.3,,,,
TA5250,500250,Emp5250,TA5250@hotmail.com,UTA,F2,1,2,0,8,12,1,0,,F2;F1,75.6,,,,
TA5251,500251,Emp5251,TA5251@hotmail.com,UTA,F2,1,4,0,6,12,1,0,,F2;F1,95.1,,,,
TA5252,500252,Emp5252,TA5252@hotmail.com,UTA,F2,1,4,0,6,12,1,0,,F2;F1,79.2,,,,
TA5253,500253,Emp5253,TA5253@hotmail.com,UTA,F2,1,1,0,6,12,1,1,,F2;F1,91.3,,,,
TA5254,500254,Emp5254,TA5254@hotmail.com,UTA,F2,1,4,0,12,12,1,1,,F2;F1,78.7,,,,
TA5255,500255,Emp5255,TA5255@hotmail.com,UTA,F2,1,3,0,6,12,1,1,,F2;F1,64.1,,,,
TA5256,500256,Emp5256,TA5256@hotmail.com,UTA,F2,1,2,0,10,12,1,0,,F2;F1,78.4,,,,
TA5257,500257,Emp5257,TA5257@hotmail.com,UTA,F2,1,4,0,12,12,1,0,,F2;F1,93.3,,,,
TA5258,500258,Emp5258,TA5258@hotmail.com,UTA,F2,1,3,0,10,12,1,1,,F2;F1,92.1,,,,
TA5259,500259,Emp5259,TA5259@hotmail.com,UTA,F2,1,1,0,8,12,1,0,,F2;F1,60.1,,,,
TA5260,500260,Emp5260,TA5260@hotmail.com,UTA,F2,1,2,0,6,12,1,1,,F2;F1,83.6,,,,
TA5261,500261,Emp5261,TA5261@hotmail.com,UTA,F2,1,1,0,6,12,1,1,,F2;F1,93.6,,,,
TA5262,500262,Emp5262,TA5262@hotmail.com,UTA,F2,1,1,0,6,12,1,0,,F2;F1,62.1,,,,
TA5263,500263,Emp5263,TA5263@hotmail.com,UTA,F2,1,4,0,6,12,1,0,,F2;F1,74.1,,,,
TA5264,500264,Emp5264,TA5264@hotmail.com,UTA,F2,1,3,0,12,12,1,1,,F2;F1,81.5,,,,
TA5265,500265,Emp5265,TA5265@hotmail.com,UTA,F2,1,4,0,12,12,1,0,,F2;F1,75.9,,,,
TA5266,500266,Emp5266,TA5266@hotmail.com,UTA,F2,1,2,0,8,12,1,0,,F2;F1,95.1,,,,
TA5267,500267,Emp5267,TA5267@hotmail.com,UTA,F2,1,1,0,8,12,1,1,,F2;F1,73.5,,,,
TA5268,500268,Emp5268,TA5268@hotmail.com,UTA,F2,1,1,0,10,12,1,0,,F2;F1,84.8,,,,
TA5269,500269,Emp5269,TA5269@hotmail.com,UTA,F2,1,3,0,12,12,1,1,,F2;F1,78.6,,,,
TA5270,500270,Emp5270,TA5270@hotmail.com,UTA,F2,1,1,0,6,12,1,0,,F2;F1,89.3,,,,
TA5271,500271,Emp5271,TA5271@hotmail.com,UTA,F2,1,2,0,6,12,1,0,,F2;F1,61.8,,,,
TA5272,500272,Emp5272,TA5272@hotmail.com,UTA,F2,1,3,0,6,12,1,1,,F2;F1,76,,,,
TA5273,500273,Emp5273,TA5273@hotmail.com,UTA,F2,1,4,0,8,12,1,1,,F2;F1,76.5,,,,
TA5274,500274,Emp5274,TA5274@hotmail.com,UTA,F2,1,3,0,6,12,1,1,,F2;F1,95.7,,,,
TA5275,500275,Emp5275,TA5275@hotmail.com,UTA,F2,1,2,0,8,12,1,1,,F2;F1,78.2,,,,
TA5276,500276,Emp5276,TA5276@hotmail.com,UTA,F2,1,1,0,8,12,1,1,,F2;F1,90.1,,,,
TA5277,500277,Emp5277,TA5277@hotmail.com,UTA,F2,1,3,0,6,12,1,0,,F2;F1,60.6,,,,
TA5278,500278,Emp5278,TA5278@hotmail.com,UTA,F2,1,2,0,8,12,1,0,,F2;F1,86.5,,,,
TA5279,500279,Emp5279,TA5279@hotmail.com,UTA,F2,1,1,0,12,12,1,0,,F2;F1,80.5,,,,
TA5280,500280,Emp5280,TA5280@hotmail.com,UTA,F2,1,3,0,8,12,1,1,,F2;F1,87.8,,,,
TA5281,500281,Emp5281,TA5281@hotmail.com,UTA,F2,1,1,0,12,12,1,1,,F2;F1,89.7,,,,
TA5282,500282,Emp5282,TA5282@hotmail.com,UTA,F2,1,2,0,8,12,1,1,,F2;F1,73.5,,,,
TA5283,500283,Emp5283,TA5283@hotmail.com,UTA,F2,1,2,0,8,12,1,0,,F2;F1,65.9,,,,
TA5284,500284,Emp5284,TA5284@hotmail.com,UTA,F2,1,1,0,6,12,1,1,,F2;F1,82.3,,,,
TA5285,500285,Emp5285,TA5285@hotmail.com,UTA,F2,1,3,0,8,12,1,1,,F2;F1,73.9,,,,
TA5286,500286,Emp5286,TA5286@hotmail.com,UTA,F2,1,1,0,12,12,1,1,,F2;F1,95.3,,,,
TA5287,500287,Emp5287,TA5287@hotmail.com,UTA,F2,1,2,0,8,12,1,1,,F2;F1,68.1,,,,
TA5288,500288,Emp5288,TA5288@hotmail.com,UTA,F2,1,4,0,8,12,1,0,,F2;F1,76.1,,,,
TA5289,500289,Emp5289,TA5289@hotmail.com,UTA,F2,1,4,0,10,12,1,1,,F2;F1,74.4,,,,
TA5290,500290,Emp5290,TA5290@hotmail.com,UTA,F2,1,1,0,6,12,1,1,,F2;F1,89.8,,,,
TA5291,500291,Emp5291,TA5291@hotmail.com,UTA,F2,1,4,0,10,12,1,0,,F2;F1,79.9,,,,
TA5292,500292,Emp5292,TA5292@hotmail.com,UTA,F2,1,3,0,12,12,1,0,,F2;F1,75.5,,,,
TA5293,500293,Emp5293,TA5293@hotmail.com,UTA,F2,1,4,0,12,12,1,0,,F2;F1,75.4,,,,
TA5294,500294,Emp5294,TA5294@hotmail.com,UTA,F2,1,2,0,6,12,1,0,,F2;F1,63.5,,,,
TA5295,500295,Emp5295,TA5295@hotmail.com,UTA,F2,1,4,0,12,12,1,0,,F2;F1,82.1,,,,
TA6296,600296,Emp6296,TA6296@hotmail.com,GTA2,F2,1,5,12,12,12,1,0,,F2;F1,,,,,
TA6297,600297,Emp6297,TA6297@hotmail.com,GTA1,F2,1,5,8,10,12,1,0,,F2;F1,,,,,
TA6298,600298,Emp6298,TA6298@hotmail.com,GTA2,F2,1,6,12,12,12,1,1,,F2;F1,,,,,
TA6299,600299,Emp6299,TA6299@hotmail.com,GTA2,F2,1,6,4,8,12,1,0,,F2;F1,,,,,
TA6300,600300,Emp6300,TA6300@hotmail.com,GTA1,F2,1,6,4,6,12,1,0,,F2;F1,,,,,
TA6301,600301,Emp6301,TA6301@hotmail.com,GTA1,F2,1,6,4,12,12,1,0,,F2;F1,,,,,
TA6302,600302,Emp6302,TA6302@hotmail.com,GTA2,F2,1,5,6,8,12,1,1,,F2;F1,,,,,
TA6303,600303,Emp6303,TA6303@hotmail.com,GTA2,F2,1,6,6,6,12,1,1,,F2;F1,,,,,
TA6304,600304,Emp6304,TA6304@hotmail.com,GTA1,F2,1,5,8,10,12,1,0,,F2;F1,,,,,
TA6305,600305,Emp6305,TA6305@hotmail.com,GTA2,F2,1,5,8,12,12,1,0,,F2;F1,,,,,
TA6306,600306,Emp6306,TA6306@hotmail.com,GTA2,F2,1,6,10,10,12,1,1,,F2;F1,,,,,
TA6307,600307,Emp6307,TA6307@hotmail.com,GTA1,F2,1,6,8,8,12,1,1,,F2;F1,,,,,
TA6308,600308,Emp6308,TA6308@hotmail.com,GTA2,F2,1,5,6,8,12,1,1,,F2;F1,,,,,
TA6309,600309,Emp6309,TA6309@hotmail.com,GTA2,F2,1,5,6,10,12,1,0,,F2;F1,,,,,
TA6310,600310,Emp6310,TA6310@hotmail.com,GTA2,F2,1,5,4,8,12,1,0,,F2;F1,,,,,
TA6311,600311,Emp6311,TA6311@hotmail.com,GTA1,F2,1,6,10,10,12,1,0,,F2;F1,,,,,
TA6312,600312,Emp6312,TA6312@hotmail.com,GTA1,F2,1,6,6,12,12,1,0,,F2;F1,,,,,
TA6313,600313,Emp6313,TA6313@hotmail.com,GTA2,F2,1,5,6,6,12,1,0,,F2;F1,,,,,
TA6314,600314,Emp6314,TA6314@hotmail.com,GTA2,F2,1,5,10,10,12,1,0,,F2;F1,,,,,
TA6315,600315,Emp6315,TA6315@hotmail.com,GTA2,F2,1,6,12,12,12,1,1,,F2;F1,,,,,
TA6316,600316,Emp6316,TA6316@hotmail.com,GTA2,F2,1,6,4,12,12,1,0,,F2;F1,,,,,
TA6317,600317,Emp6317,TA6317@hotmail.com,GTA2,F2,1,5,6,8,12,1,0,,F2;F1,,,,,
TA6318,600318,Emp6318,TA6318@hotmail.com,GTA2,F2,1,5,4,10,12,1,1,,F2;F1,,,,,
TA6319,600319,Emp6319,TA6319@hotmail.com,GTA1,F2,1,6,8,10,12,1,1,,F2;F1,,,,,
