Subject,Course,Sec No,Term,Act Type,Days Met,Start Time,End time,Meeting Start Date,Meeting End Date,Instructor Names,Building,Room,Session Year,Session Code,Campus,Cross Listed,TA Needed,Min Avg Grade Overall,Min Avg Grade in Subject,Min Credits Completed,Min Grade in a Given Course,Prep Hours,Lab Hours,Marking Hours,Coord Hours,Optimize,Teach/Grade Option, Min Grade Overall,Min Grade Discipline,Min Grade Course,Num TAs Teach,Num TAs Grade,Teach/Grade Correlation,Min Grade Overall
F1,111,1,1,LEC,MW,2:00 PM,3:30 PM,9/6/2024,12/8/2022,,,,2024,W,,,0,,,30,,2,2,2,0,1,,,60,60,1,1,1,60
F1,111,2,1,LEC,WF,5:00 PM,6:30 PM,9/6/2024,12/8/2022,,,,2024,W,,,0,,,30,,2,2,2,0,1,,,60,60,1,1,1,60
F1,111,3,1,LEC,TR,2:00 PM,3:30 PM,9/6/2024,12/8/2022,,,,2024,W,,,0,,,30,,2,2,2,0,1,,,60,60,1,1,1,60
F1,111,L01,1,LAB,F,12:00 PM,2:00 PM,9/6/2024,12/8/2022,,,,2024,W,,,,,,,,,,,,,,,,,,,,
F1,111,L02,1,LAB,W,10:00 AM,12:00 PM,9/6/2024,12/8/2022,,,,2024,W,,,,,,,,,,,,,,,,,,,,
F1,111,L03,1,LAB,T,12:00 PM,2:00 PM,9/6/2024,12/8/2022,,,,2024,W,,,,,,,,,,,,,,,,,,,,
F1,111,L04,1,LAB,W,8:00 AM,10:00 AM,9/6/2024,12/8/2022,,,,2024,W,,,,,,,,,,,,,,,,,,,,
F1,111,L05,1,LAB,W,10:00 AM,12:00 PM,9/6/2024,12/8/2022,,,,2024,W,,,,,,,,,,,,,,,,,,,,
F1,111,L06,1,LAB,R,4:00 PM,6:00 PM,9/6/2024,12/8/2022,,,,2024,W,,,,60,60,30,60,2,2,2,0,,,,,,,,,
F1,111,L07,1,LAB,T,4:00 PM,6:00 PM,9/6/2024,12/8/2022,,,,2024,W,,,,,,,,,,,,,,,,,,,,
F1,111,L08,1,LAB,M,8:00 AM,10:00 AM,9/6/2024,12/8/2022,,,,2024,W,,,,,,,,,,,,,,,,,,,,
F1,111,L09,1,LAB,M,10:00 AM,12:00 PM,9/6/2024,12/8/2022,,,,2024,W,,,,,,,,,,,,,,,,,,,,
F1,111,L10,1,LAB,R,12:00 PM,2:00 PM,9/6/2024,12/8/2022,,,,2024,W,,,,,,,,,,,,,,,,,,,,
F1,111,L11,1,LAB,F,2:00 PM,4:00 PM,9/6/2024,12/8/2022,,,,2024,W,,,,,,,,,,,,,,,,,,,,
F1,111,L12,1,LAB,M,4:00 PM,6:00 PM,9/6/2024,12/8/2022,,,,2024,W,,,,,,,,,,,,,,,,,,,,
F1,111,L13,1,LAB,M,10:00 AM,12:00 PM,9/6/2024,12/8/2022,,,,2024,W,,,,,,,,,,,,,,,,,,,,
F1,111,L14,1,LAB,R,10:00 AM,12:00 PM,9/6/2024,12/8/2022,,,,2024,W,,,,,,,,,,,,,,,,,,,,
F1,111,L15,1,LAB,T,2:00 PM,4:00 PM,9/6/2024,12/8/2022,,,,2024,W,,,,,,,,,,,,,,,,,,,,
F1,111,L16,1,LAB,F,10:00 AM,12:00 PM,9/6/2024,12/8/2022,,,,2024,W,,,,,,,,,,,,,,,,,,,,
F1,111,L17,1,LAB,W,12:00 PM,2:00 PM,9/6/2024,12/8/2022,,,,2024,W,,,,,,,,,,,,,,,,,,,,
F1,111,L18,1,LAB,M,12:00 PM,2:00 PM,9/6/2024,12/8/2022,,,,2024,W,,,,60,60,30,60,2,2,2,0,,,,,,,,,
F1,111,L19,1,LAB,T,10:00 AM,12:00 PM,9/6/2024,12/8/2022,,,,2024,W,,,,,,,,,,,,,,,,,,,,
F1,111,L20,1,LAB,F,2:00 PM,4:00 PM,9/6/2024,12/8/2022,,,,2024,W,,,,60,60,30,60,2,2,2,0,,,,,,,,,
F1,111,WL1,1,W-L,,,,9/6/2024,12/8/2022,,,,2024,W,,,,60,60,30,60,2,2,2,0,,,,,,,,,
F1,111,WL2,1,W-L,,,,9/6/2024,12/8/2022,,,,2024,W,,,,,,,,,,,,,,,,,,,,
F1,111,WL4,1,W-L,TR,2:00 PM,3:30 PM,9/6/2024,12/8/2022,,,,2024,W,,,,,,,,,,,,,,,,,,,,
F1,122,1,1,LEC,WF,2:00 PM,3:30 PM,9/6/2024,12/8/2022,,,,2024,W,,,0,,,30,,1,2,2,0,1,,,60,60,1,2,3,60
F1,122,L01,1,LAB,T,8:00 AM,10:00 AM,9/6/2024,12/8/2022,,,,2024,W,,,,,,,,,,,,,,,,,,,,
F1,122,L02,1,LAB,R,2:00 PM,4:00 PM,9/6/2024,12/8/2022,,,,2024,W,,,,,,,,,,,,,,,,,,,,
F1,122,L03,1,LAB,F,12:00 PM,2:00 PM,9/6/2024,12/8/2022,,,,2024,W,,,,,,,,,,,,,,,,,,,,
F1,122,L04,1,LAB,T,12:00 PM,2:00 PM,9/6/2024,12/8/2022,,,,2024,W,,,,,,,,,,,,,,,,,,,,
F1,122,L05,1,LAB,F,12:00 PM,2:00 PM,9/6/2024,12/8/2022,,,,2024,W,,,,,,,,,,,,,,,,,,,,
F1,122,L06,1,LAB,M,8:00 AM,10:00 AM,9/6/2024,12/8/2022,,,,2024,W,,,,,,,,,,,,,,,,,,,,
F1,122,L07,1,LAB,W,8:00 AM,10:00 AM,9/6/2024,12/8/2022,,,,2024,W,,,,,,,,,,,,,,,,,,,,
F1,122,L08,1,LAB,T,2:00 PM,4:00 PM,9/6/2024,12/8/2022,,,,2024,W,,,,,,,,,,,,,,,,,,,,
F1,122,L09,1,LAB,R,10:00 AM,12:00 PM,9/6/2024,12/8/2022,,,,2024,W,,,,,,,,,,,,,,,,,,,,
F1,122,WL1,1,W-L,,,,9/6/2024,12/8/2022,,,,2024,W,,,,,,,,,,,,,,,,,,,,
F1,221,1,1,LEC,MWF,3:00 PM,4:00 PM,9/6/2024,12/8/2022,,,,2024,W,,,0,,,30,,2,2,2,0,1,,,60,60,1,1,1,60
F1,221, S01,1,SEM,W,10:00 AM,11:00 AM,9/6/2024,12/8/2022,,,,2024,W,,,0,60,60,30,60,2,2,2,0,1,,,60,60,1,1,1,60
F1,221, S02,1,SEM,W,12:00 PM,1:00 PM,9/6/2024,12/8/2022,,,,2024,W,,,0,,,30,,2,2,2,0,1,,,60,60,1,1,1,60
F1,221, S03,1,SEM,M,10:00 AM,11:00 AM,9/6/2024,12/8/2022,,,,2024,W,,,0,,,30,,2,2,2,0,1,,,60,60,1,1,1,60
F1,221, S04,1,SEM,F,11:00 AM,12:00 PM,9/6/2024,12/8/2022,,,,2024,W,,,0,,,30,,2,2,2,0,1,,,60,60,1,1,1,60
F1,221, S05,1,SEM,M,2:00 PM,3:00 PM,9/6/2024,12/8/2022,,,,2024,W,,,0,,,30,,2,2,2,0,1,,,60,60,1,1,1,60
F1,221, S06,1,SEM,M,8:00 AM,9:00 AM,9/6/2024,12/8/2022,,,,2024,W,,,0,,,30,,2,2,2,0,1,,,60,60,1,1,1,60
F1,221,WL1,1,W-L,,,,9/6/2024,12/8/2022,,,,2024,W,,,,,,,,,,,,,,,,,,,,
F1,222,1,1,LEC,TR,11:00 AM,12:30 PM,9/6/2024,12/8/2022,,,,2024,W,,,0,,,30,,2,2,2,0,1,,,60,60,1,1,1,60
F1,222,L01,1,LAB,W,12:00 PM,2:00 PM,9/6/2024,12/8/2022,,,,2024,W,,,,,,,,,,,,,,,,,,,,
F1,222,L02,1,LAB,W,4:00 PM,6:00 PM,9/6/2024,12/8/2022,,,,2024,W,,,,,,,,,,,,,,,,,,,,
F1,222,L03,1,LAB,M,10:00 AM,12:00 PM,9/6/2024,12/8/2022,,,,2024,W,,,,,,,,,,,,,,,,,,,,
F1,222,L04,1,LAB,M,4:00 PM,6:00 PM,9/6/2024,12/8/2022,,,,2024,W,,,,,,,,,,,,,,,,,,,,
F1,222,L05,1,LAB,R,4:00 PM,6:00 PM,9/6/2024,12/8/2022,,,,2024,W,,,,,,,,,,,,,,,,,,,,
F1,222,L06,1,LAB,F,10:00 AM,12:00 PM,9/6/2024,12/8/2022,,,,2024,W,,,,60,60,30,60,2,2,2,0,,,,,,,,,
F1,222,L07,1,LAB,W,12:00 PM,2:00 PM,9/6/2024,12/8/2022,,,,2024,W,,,,,,,,,,,,,,,,,,,,
F1,222,L08,1,LAB,F,12:00 PM,2:00 PM,9/6/2024,12/8/2022,,,,2024,W,,,,60,60,30,60,2,2,2,0,,,,,,,,,
F1,222,L09,1,LAB,M,12:00 PM,2:00 PM,9/6/2024,12/8/2022,,,,2024,W,,,,,,,,,,,,,,,,,,,,
F1,222,WL1,1,W-L,,,,9/6/2024,12/8/2022,,,,2024,W,,,,60,60,30,60,2,2,2,0,,,,,,,,,
F1,301,101,1,LEC,TR,3:30 PM,5:00 PM,9/6/2024,12/8/2022,,,,2024,W,,,0,,,30,,1,2,2,0,1,,,60,60,1,1,1,60
F1,301,L2A,1,LAB,F,4:00 PM,6:00 PM,9/6/2024,12/8/2022,,,,2024,W,,,,,,,,,,,,,,,,,,,,
F1,301,L2B,1,LAB,F,8:00 AM,10:00 AM,9/6/2024,12/8/2022,,,,2024,W,,,,,,,,,,,,,,,,,,,,
F1,301,L2C,1,LAB,W,10:00 AM,12:00 PM,9/6/2024,12/8/2022,,,,2024,W,,,,,,,,,,,,,,,,,,,,
F1,301,L2D,1,LAB,M,10:00 AM,12:00 PM,9/6/2024,12/8/2022,,,,2024,W,,,,,,,,,,,,,,,,,,,,
F1,301,L2E,1,LAB,W,2:00 PM,4:00 PM,9/6/2024,12/8/2022,,,,2024,W,,,,,,,,,,,,,,,,,,,,
F1,301,L2F,1,LAB,F,2:00 PM,4:00 PM,9/6/2024,12/8/2022,,,,2024,W,,,,,,,,,,,,,,,,,,,,
F1,301,WL1,1,W-L,,,,9/6/2024,12/8/2022,,,,2024,W,,,,,,,,,,,,,,,,,,,,
F1,304,1,1,LEC,MW,6:30 PM,8:00 PM,9/6/2024,12/8/2022,,,,2024,W,,,0,,,30,,2,2,2,0,1,,,60,60,1,1,1,60
F1,304,WL1,1,W-L,,,,9/6/2024,12/8/2022,,,,2024,W,,,,60,60,30,60,2,2,2,0,,,,,,,,,
F1,305,101,1,LEC,WF,9:30 AM,11:00 AM,9/6/2024,12/8/2022,,,,2024,W,,,0,,,30,,2,2,2,0,1,,,60,60,1,1,1,60
F1,305,L01,1,LAB,F,2:00 PM,4:00 PM,9/6/2024,12/8/2022,,,,2024,W,,,,60,60,30,60,2,2,2,0,,,,,,,,,
F1,305,L02,1,LAB,M,2:00 PM,4:00 PM,9/6/2024,12/8/2022,,,,2024,W,,,,,,,,,,,,,,,,,,,,
F1,305,L03,1,LAB,R,10:00 AM,12:00 PM,9/6/2024,12/8/2022,,,,2024,W,,,,,,,,,,,,,,,,,,,,
F1,305,L04,1,LAB,M,10:00 AM,12:00 PM,9/6/2024,12/8/2022,,,,2024,W,,,,,,,,,,,,,,,,,,,,
F1,305,WL1,1,W-L,,,,9/6/2024,12/8/2022,,,,2024,W,,,,,,,,,,,,,,,,,,,,
F1,310,101,1,LEC,F,11:00 AM,2:00 PM,9/6/2024,12/8/2022,,,,2024,W,,,0,,,30,,2,2,2,0,1,,,60,60,1,1,1,60
F1,310,L01,1,LAB,M,12:00 PM,2:00 PM,9/6/2024,12/8/2022,,,,2024,W,,,,,,,,,,,,,,,,,,,,
F1,310,L02,1,LAB,M,10:00 AM,12:00 PM,9/6/2024,12/8/2022,,,,2024,W,,,,,,,,,,,,,,,,,,,,
F1,310,L04,1,LAB,W,12:00 PM,2:00 PM,9/6/2024,12/8/2022,,,,2024,W,,,,,,,,,,,,,,,,,,,,
F1,310,L05,1,LAB,R,8:00 AM,10:00 AM,9/6/2024,12/8/2022,,,,2024,W,,,,,,,,,,,,,,,,,,,,
F1,310,L06,1,LAB,M,4:00 PM,6:00 PM,9/6/2024,12/8/2022,,,,2024,W,,,,,,,,,,,,,,,,,,,,
F1,310,L07,1,LAB,M,2:00 PM,4:00 PM,9/6/2024,12/8/2022,,,,2024,W,,,,,,,,,,,,,,,,,,,,
F1,310,L09,1,LAB,F,2:00 PM,4:00 PM,9/6/2024,12/8/2022,,,,2024,W,,,,,,,,,,,,,,,,,,,,
F1,310,WL1,1,W-L,,,,9/6/2024,12/8/2022,,,,2024,W,,,,60,60,30,60,2,2,2,0,,,,,,,,,
F1,341,101,1,LEC,F,5:00 PM,8:00 PM,9/6/2024,12/8/2022,,,,2024,W,,,0,,,30,,1,2,2,0,1,,,60,60,1,1,1,60
F1,341,L2A,1,LAB,W,4:00 PM,6:00 PM,9/6/2024,12/8/2022,,,,2024,W,,,,,,,,,,,,,,,,,,,,
F1,341,L2B,1,LAB,M,4:00 PM,6:00 PM,9/6/2024,12/8/2022,,,,2024,W,,,,,,,,,,,,,,,,,,,,
F1,341,L2C,1,LAB,W,2:00 PM,4:00 PM,9/6/2024,12/8/2022,,,,2024,W,,,,,,,,,,,,,,,,,,,,
F1,341,L2D,1,LAB,F,2:00 PM,4:00 PM,9/6/2024,12/8/2022,,,,2024,W,,,,,,,,,,,,,,,,,,,,
F1,341,L2E,1,LAB,M,12:00 PM,2:00 PM,9/6/2024,12/8/2022,,,,2024,W,,,,,,,,,,,,,,,,,,,,
F1,341,L2F,1,LAB,W,10:00 AM,12:00 PM,9/6/2024,12/8/2022,,,,2024,W,,,,,,,,,,,,,,,,,,,,
F1,341,WL1,1,W-L,,,,9/6/2024,12/8/2022,,,,2024,W,,,,,,,,,,,,,,,,,,,,
F1,344,101,1,LEC,WF,6:30 PM,8:00 PM,9/6/2024,12/8/2022,,,,2024,W,,,0,,,30,,2,2,2,0,1,,,60,60,1,1,2,60
F1,344,L01,1,LAB,T,2:00 PM,4:00 PM,9/6/2024,12/8/2022,,,,2024,W,,,,,,,,,,,,,,,,,,,,
F1,344,WL1,1,W-L,,,,9/6/2024,12/8/2022,,,,2024,W,,,,,,,,,,,,,,,,,,,,
F1,407,101,1,LEC,TR,11:00 AM,12:30 PM,9/6/2024,12/8/2022,,,,2024,W,,F1507-101,0,,,30,,2,2,2,0,1,,,60,60,1,1,1,60
F1,407,L01,1,LAB,R,2:00 PM,4:00 PM,9/6/2024,12/8/2022,,,,2024,W,,,,,,,,,,,,,,,,,,,,
F1,407,L02,1,LAB,M,2:00 PM,4:00 PM,9/6/2024,12/8/2022,,,,2024,W,,,,,,,,,,,,,,,,,,,,
F1,407,L03,1,LAB,W,4:00 PM,6:00 PM,9/6/2024,12/8/2022,,,,2024,W,,,,,,,,,,,,,,,,,,,,
F1,407,L04,1,LAB,M,8:00 AM,10:00 AM,9/6/2024,12/8/2022,,,,2024,W,,,,,,,,,,,,,,,,,,,,
F1,407,WL1,1,W-L,,,,9/6/2024,12/8/2022,,,,2024,W,,,,,,,,,,,,,,,,,,,,
F1,421,101,1,LEC,MW,11:00 AM,12:30 PM,9/6/2024,12/8/2022,,,,2024,W,,F1519H-001,0,,,30,,2,2,2,0,1,,,60,60,1,1,1,60
F1,421,L01,1,LAB,F,12:00 PM,2:00 PM,9/6/2024,12/8/2022,,,,2024,W,,,,,,,,,,,,,,,,,,,,
F1,421,L02,1,LAB,W,4:00 PM,6:00 PM,9/6/2024,12/8/2022,,,,2024,W,,,,,,,,,,,,,,,,,,,,
F1,421,WL1,1,W-L,,,,9/6/2024,12/8/2022,,,,2024,W,,,,,,,,,,,,,,,,,,,,
F1,447,1,1,IND,,,,9/6/2024,12/8/2022,,,,2024,W,,,,,,,,,,,,,,,,,,,,
F1,447,2,1,IND,,,,9/6/2024,12/8/2022,,,,2024,W,,,,,,,,,,,,,,,,,,,,
F1,447,3,1,IND,,,,9/6/2024,12/8/2022,,,,2024,W,,,,,,,,,,,,,,,,,,,,
F1,447,4,1,IND,,,,9/6/2024,12/8/2022,,,,2024,W,,,,,,,,,,,,,,,,,,,,
F1,447,5,1,IND,,,,9/6/2024,12/8/2022,,,,2024,W,,,,,,,,,,,,,,,,,,,,
F1,448,1,1,IND,,,,9/6/2024,12/8/2022,,,,2024,W,,,,,,,,,,,,,,,,,,,,
F1,448,1,,IND,,,,9/6/2024,4/13/2023,,,,2024,W,,,,,,,,,,,,,,,,,,,,
F1,448,1,1,IND,,,,9/6/2024,12/8/2022,,,,2024,W,,,,,,,,,,,,,,,,,,,,
F1,448,2,1,IND,,,,9/6/2024,12/8/2022,,,,2024,W,,,,,,,,,,,,,,,,,,,,
F1,448,2,,IND,,,,9/6/2024,4/13/2023,,,,2024,W,,,,,,,,,,,,,,,,,,,,
F1,448,2,1,IND,,,,9/6/2024,12/8/2022,,,,2024,W,,,,,,,,,,,,,,,,,,,,
F1,448,3,1,IND,,,,9/6/2024,12/8/2022,,,,2024,W,,,,,,,,,,,,,,,,,,,,
F1,448,3,,IND,,,,9/6/2024,4/13/2023,,,,2024,W,,,,,,,,,,,,,,,,,,,,
F1,448,3,1,IND,,,,9/6/2024,12/8/2022,,,,2024,W,,,,,,,,,,,,,,,,,,,,
F1,448,4,1,IND,,,,9/6/2024,12/8/2022,,,,2024,W,,,,,,,,,,,,,,,,,,,,
F1,448,4,,IND,,,,9/6/2024,4/13/2023,,,,2024,W,,,,,,,,,,,,,,,,,,,,
F1,448,5,1,IND,,,,9/6/2024,12/8/2022,,,,2024,W,,,,,,,,,,,,,,,,,,,,
F1,448,5,,IND,,,,9/6/2024,4/13/2023,,,,2024,W,,,,,,,,,,,,,,,,,,,,
F1,448,6,1,IND,,,,9/6/2024,12/8/2022,,,,2024,W,,,,,,,,,,,,,,,,,,,,
F1,448,7,1,IND,,,,9/6/2024,12/8/2022,,,,2024,W,,,,,,,,,,,,,,,,,,,,
F1,448,8,1,IND,,,,9/6/2024,12/8/2022,,,,2024,W,,,,,,,,,,,,,,,,,,,,
F1,448,9,1,IND,,,,9/6/2024,12/8/2022,,,,2024,W,,,,,,,,,,,,,,,,,,,,
F1,448,10,1,IND,,,,9/6/2024,12/8/2022,,,,2024,W,,,,,,,,,,,,,,,,,,,,
F1,448,11,1,IND,,,,9/6/2024,12/8/2022,,,,2024,W,,,,,,,,,,,,,,,,,,,,
F1,448,12,1,IND,,,,9/6/2024,12/8/2022,,,,2024,W,,,,,,,,,,,,,,,,,,,,
F1,448,13,1,IND,,,,9/6/2024,12/8/2022,,,,2024,W,,,,,,,,,,,,,,,,,,,,
F1,448,14,1,IND,,,,9/6/2024,12/8/2022,,,,2024,W,,,,,,,,,,,,,,,,,,,,
F1,448,15,1,IND,,,,9/6/2024,12/8/2022,,,,2024,W,,,,,,,,,,,,,,,,,,,,
F1,449,1,,THS,,,,9/6/2024,4/13/2023,,,,2024,W,,,,,,,,,,,,,,,,,,,,
F1,449,2,,THS,,,,9/6/2024,4/13/2023,,,,2024,W,,,,,,,,,,,,,,,,,,,,
F1,449,3,,THS,,,,9/6/2024,4/13/2023,,,,2024,W,,,,,,,,,,,,,,,,,,,,
F1,449,4,,THS,,,,9/6/2024,4/13/2023,,,,2024,W,,,,,,,,,,,,,,,,,,,,
F1,449,5,,THS,,,,9/6/2024,4/13/2023,,,,2024,W,,,,,,,,,,,,,,,,,,,,
F1,449,6,,THS,,,,9/6/2024,4/13/2023,,,,2024,W,,,,,,,,,,,,,,,,,,,,
F1,449,7,,THS,,,,9/6/2024,4/13/2023,,,,2024,W,,,,,,,,,,,,,,,,,,,,
F1,449,8,,THS,,,,9/6/2024,4/13/2023,,,,2024,W,,,,,,,,,,,,,,,,,,,,
F1,449,9,,THS,,,,9/6/2024,4/13/2023,,,,2024,W,,,,,,,,,,,,,,,,,,,,
F1,449,10,,THS,,,,9/6/2024,4/13/2023,,,,2024,W,,,,,,,,,,,,,,,,,,,,
F1,449,11,,THS,,,,9/6/2024,4/13/2023,,,,2024,W,,,,,,,,,,,,,,,,,,,,
F1,449,12,,THS,,,,9/6/2024,4/13/2023,,,,2024,W,,,,,,,,,,,,,,,,,,,,
F1,449,13,,THS,,,,9/6/2024,4/13/2023,,,,2024,W,,,,,,,,,,,,,,,,,,,,
F1,449,14,,THS,,,,9/6/2024,4/13/2023,,,,2024,W,,,,,,,,,,,,,,,,,,,,
F1,449,15,,THS,,,,9/6/2024,4/13/2023,,,,2024,W,,,,,,,,,,,,,,,,,,,,
F1,449,16,,THS,,,,9/6/2024,4/13/2023,,,,2024,W,,,,,,,,,,,,,,,,,,,,
F1,449,17,,THS,,,,9/6/2024,4/13/2023,,,,2024,W,,,,,,,,,,,,,,,,,,,,
F1,449,18,,THS,,,,9/6/2024,4/13/2023,,,,2024,W,,,,,,,,,,,,,,,,,,,,
F1,449,19,,THS,,,,9/6/2024,4/13/2023,,,,2024,W,,,,,,,,,,,,,,,,,,,,
F1,449,20,,THS,,,,9/6/2024,4/13/2023,,,,2024,W,,,,,,,,,,,,,,,,,,,,
F1,449,21,,THS,,,,9/6/2024,4/13/2023,,,,2024,W,,,,,,,,,,,,,,,,,,,,
F1,449,22,,THS,,,,9/6/2024,4/13/2023,,,,2024,W,,,,,,,,,,,,,,,,,,,,
F1,449,23,,THS,,,,9/6/2024,4/13/2023,,,,2024,W,,,,,,,,,,,,,,,,,,,,
F1,449,24,,THS,,,,9/6/2024,4/13/2023,,,,2024,W,,,,,,,,,,,,,,,,,,,,
F1,449,25,,THS,,,,9/6/2024,4/13/2023,,,,2024,W,,,,,,,,,,,,,,,,,,,,
F1,449,26,,THS,,,,9/6/2024,4/13/2023,,,,2024,W,,,,,,,,,,,,,,,,,,,,
F1,449,27,,THS,,,,9/6/2024,4/13/2023,,,,2024,W,,,,,,,,,,,,,,,,,,,,
F1,449,28,,THS,,,,9/6/2024,4/13/2023,,,,2024,W,,,,,,,,,,,,,,,,,,,,
F1,449,29,,THS,,,,9/6/2024,4/13/2023,,,,2024,W,,,,,,,,,,,,,,,,,,,,
F1,449,30,,THS,,,,9/6/2024,4/13/2023,,,,2024,W,,,,,,,,,,,,,,,,,,,,
F1,449,32,,THS,,,,9/6/2024,4/13/2023,,,,2024,W,,,,,,,,,,,,,,,,,,,,
F1,499,1,,LAB,WF,9:30 AM,11:00 AM,9/6/2024,4/13/2023,,,,2024,W,,,,,,,,,,,,,,,,,,,,
F1,499,WL1,,W-L,,,,9/6/2024,4/13/2023,,,,2024,W,,,,,,,,,,,,,,,,,,,,
F1,507,101,1,LEC,TR,11:00 AM,12:30 PM,9/6/2024,12/8/2022,,,,2024,W,,F1407-101,,,,,,,,,,,,,,,,,,
F1,507,WL1,1,W-L,,,,9/6/2024,12/8/2022,,,,2024,W,,,,,,,,,,,,,,,,,,,,
F1,516,1,1,LEC,MW,3:30 PM,5:00 PM,9/6/2024,12/8/2022,,,,2024,W,,,,,,,,,,,,,,,,,,,,
F1,516,WL1,1,W-L,,,,9/6/2024,12/8/2022,,,,2024,W,,,,,,,,,,,,,,,,,,,,
F1,519,1,1,LEC,MW,11:00 AM,12:30 PM,9/6/2024,12/8/2022,,,,2024,W,,F1421-101,,,,,,,,,,,,,,,,,,
F1,519,WL1,1,W-L,,,,9/6/2024,12/8/2022,,,,2024,W,,,,,,,,,,,,,,,,,,,,
F1,520,1,1,LEC,TR,2:00 PM,3:30 PM,9/6/2024,12/8/2022,,,,2024,W,,,,,,,,,,,,,,,,,,,,
F1,520,WL1,1,W-L,,,,9/6/2024,12/8/2022,,,,2024,W,,,,,,,,,,,,,,,,,,,,
F1,548,101,1,LEC,R,8:00 AM,11:00 AM,9/6/2024,12/8/2022,,,,2024,W,,,,,,,,,,,,,,,,,,,,
F1,549,1,1,THS,,,,9/6/2024,12/8/2022,,,,2024,W,,,,,,,,,,,,,,,,,,,,
F1,549,101,,THS,,,,9/6/2024,4/13/2023,,,,2024,W,,,0,60,60,30,60,2,2,2,0,,,,,,,,,
F1,550,1,1,THS,,,,9/6/2024,12/8/2022,,,,2024,W,,,,,,,,,,,,,,,,,,,,
F1,550,101,,THS,,,,9/6/2024,4/13/2023,,,,2024,W,,,0,60,60,30,60,2,2,2,0,,,,,,,,,
F1,590,1,1,SEM,T,8:00 AM,11:00 AM,9/6/2024,12/8/2022,,,,2024,W,,,,,,,,,,,,,,,,,,,,
F1,590,WL1,1,W-L,,,,9/6/2024,12/8/2022,,,,2024,W,,,,,,,,,,,,,,,,,,,,
F1,649,1,1,THS,,,,9/6/2024,12/8/2022,,,,2024,W,,,,,,,,,,,,,,,,,,,,
F1,649,201,,THS,,,,9/6/2024,4/13/2023,,,,2024,W,,,0,60,60,30,60,2,2,2,0,,,,,,,,,
F1,690,1,1,IND,,,,9/6/2024,12/8/2022,,,,2024,W,,,,,,,,,,,,,,,,,,,,
F1,690,2,1,IND,,,,9/6/2024,12/8/2022,,,,2024,W,,,,,,,,,,,,,,,,,,,,
F1,690,3,1,IND,,,,9/6/2024,12/8/2022,,,,2024,W,,,,,,,,,,,,,,,,,,,,
F1,690,101,1,LEC,R,11:00 AM,12:30 PM,9/6/2024,12/8/2022,,,,2024,W,,,,,,,,,,,,,,,,,,,,
F2,111,1,1,LEC,MWF,4:00 PM,5:00 PM,9/6/2024,12/8/2022,,,,2024,W,,,0,,,30,,2,2,2,0,1,,,60,60,1,1,1,60
F2,111,L01,1,LAB,M,1:00 PM,4:00 PM,9/6/2024,12/8/2022,,,,2024,W,,,,,,,,,,,,,,,,,,,,
F2,111,L02,1,LAB,M,6:30 PM,9:30 PM,9/6/2024,12/8/2022,,,,2024,W,,,,,,,,,,,,,,,,,,,,
F2,111,L03,1,LAB,T,9:30 AM,12:30 PM,9/6/2024,12/8/2022,,,,2024,W,,,,,,,,,,,,,,,,,,,,
F2,111,L04,1,LAB,T,2:30 PM,5:30 PM,9/6/2024,12/8/2022,,,,2024,W,,,,,,,,,,,,,,,,,,,,
F2,111,L05,1,LAB,T,6:30 PM,9:30 PM,9/6/2024,12/8/2022,,,,2024,W,,,,,,,,,,,,,,,,,,,,
F2,111,L06,1,LAB,W,9:00 AM,12:00 PM,9/6/2024,12/8/2022,,,,2024,W,,,,,,,,,,,,,,,,,,,,
F2,111,L07,1,LAB,W,1:00 PM,4:00 PM,9/6/2024,12/8/2022,,,,2024,W,,,,,,,,,,,,,,,,,,,,
F2,111,L08,1,LAB,W,6:30 PM,9:30 PM,9/6/2024,12/8/2022,,,,2024,W,,,,,,,,,,,,,,,,,,,,
F2,111,L09,1,LAB,R,9:30 AM,12:30 PM,9/6/2024,12/8/2022,,,,2024,W,,,,,,,,,,,,,,,,,,,,
F2,111,L10,1,LAB,R,2:30 PM,5:30 PM,9/6/2024,12/8/2022,,,,2024,W,,,,,,,,,,,,,,,,,,,,
F2,111,L11,1,LAB,R,6:30 PM,9:30 PM,9/6/2024,12/8/2022,,,,2024,W,,,,,,,,,,,,,,,,,,,,
F2,111,L12,1,LAB,F,9:30 AM,12:30 PM,9/6/2024,12/8/2022,,,,2024,W,,,,,,,,,,,,,,,,,,,,
F2,111,L14,1,LAB,T,2:30 PM,5:30 PM,9/6/2024,12/8/2022,,,,2024,W,,,,,,,,,,,,,,,,,,,,
F2,111,L15,1,LAB,T,6:30 PM,9:30 PM,9/6/2024,12/8/2022,,,,2024,W,,,,,,,,,,,,,,,,,,,,
F2,111,L16,1,LAB,W,9:00 AM,12:00 PM,9/6/2024,12/8/2022,,,,2024,W,,,,,,,,,,,,,,,,,,,,
F2,111,L17,1,LAB,W,1:00 PM,4:00 PM,9/6/2024,12/8/2022,,,,2024,W,,,,,,,,,,,,,,,,,,,,
F2,111,T01,1,TUT,W,9:00 AM,10:00 AM,9/6/2024,12/8/2022,,,,2024,W,,,,,,,,,,,,,,,,,,,,
F2,111,T02,1,TUT,W,1:00 PM,2:00 PM,9/6/2024,12/8/2022,,,,2024,W,,,,,,,,,,,,,,,,,,,,
F2,111,T03,1,TUT,M,9:00 AM,10:00 AM,9/6/2024,12/8/2022,,,,2024,W,,,,,,,,,,,,,,,,,,,,
F2,111,T04,1,TUT,F,10:00 AM,11:00 AM,9/6/2024,12/8/2022,,,,2024,W,,,,,,,,,,,,,,,,,,,,
F2,111,T05,1,TUT,F,3:00 PM,4:00 PM,9/6/2024,12/8/2022,,,,2024,W,,,,,,,,,,,,,,,,,,,,
F2,111,T06,1,TUT,M,11:00 AM,12:00 PM,9/6/2024,12/8/2022,,,,2024,W,,,,,,,,,,,,,,,,,,,,
F2,111,T07,1,TUT,M,5:00 PM,6:00 PM,9/6/2024,12/8/2022,,,,2024,W,,,,,,,,,,,,,,,,,,,,
F2,111,T08,1,TUT,M,3:00 PM,4:00 PM,9/6/2024,12/8/2022,,,,2024,W,,,,,,,,,,,,,,,,,,,,
F2,111,WL1,1,W-L,,,,9/6/2024,12/8/2022,,,,2024,W,,,,,,,,,,,,,,,,,,,,
F2,111,XM1,1,LAB,,,,9/6/2024,12/8/2022,,,,2024,W,,,,,,,,,,,,,,,,,,,,
F2,111,XM2,1,TUT,,,,9/6/2024,12/8/2022,,,,2024,W,,,,,,,,,,,,,,,,,,,,
F2,112,1,1,LEC,MWF,3:00 PM,4:00 PM,9/6/2024,12/8/2022,,,,2024,W,,,0,,,30,,2,2,2,0,1,,,60,60,1,1,1,60
F2,112,2,1,LEC,MWF,1:00 PM,2:00 PM,9/6/2024,12/8/2022,,,,2024,W,,,0,,,30,,2,2,2,0,1,,,60,60,1,1,1,60
F2,112,L01,1,LAB,M,2:30 PM,5:30 PM,9/6/2024,12/8/2022,,,,2024,W,,,,,,,,,,,,,,,,,,,,
F2,112,L02,1,LAB,M,6:30 PM,9:30 PM,9/6/2024,12/8/2022,,,,2024,W,,,,,,,,,,,,,,,,,,,,
F2,112,L03,1,LAB,T,9:30 AM,12:30 PM,9/6/2024,12/8/2022,,,,2024,W,,,,,,,,,,,,,,,,,,,,
F2,112,L04,1,LAB,T,2:30 PM,5:30 PM,9/6/2024,12/8/2022,,,,2024,W,,,,,,,,,,,,,,,,,,,,
F2,112,L05,1,LAB,T,6:30 PM,9:30 PM,9/6/2024,12/8/2022,,,,2024,W,,,,,,,,,,,,,,,,,,,,
F2,112,L06,1,LAB,W,9:30 AM,12:30 PM,9/6/2024,12/8/2022,,,,2024,W,,,,,,,,,,,,,,,,,,,,
F2,112,L07,1,LAB,W,2:30 PM,5:30 PM,9/6/2024,12/8/2022,,,,2024,W,,,,,,,,,,,,,,,,,,,,
F2,112,L08,1,LAB,W,6:30 PM,9:30 PM,9/6/2024,12/8/2022,,,,2024,W,,,,,,,,,,,,,,,,,,,,
F2,112,L09,1,LAB,R,9:30 AM,12:30 PM,9/6/2024,12/8/2022,,,,2024,W,,,,,,,,,,,,,,,,,,,,
F2,112,L10,1,LAB,R,2:30 PM,5:30 PM,9/6/2024,12/8/2022,,,,2024,W,,,,,,,,,,,,,,,,,,,,
F2,112,L11,1,LAB,R,6:30 PM,9:30 PM,9/6/2024,12/8/2022,,,,2024,W,,,,,,,,,,,,,,,,,,,,
F2,112,L12,1,LAB,F,9:30 AM,12:30 PM,9/6/2024,12/8/2022,,,,2024,W,,,,,,,,,,,,,,,,,,,,
F2,112,L13,1,LAB,M,2:30 PM,5:30 PM,9/6/2024,12/8/2022,,,,2024,W,,,,,,,,,,,,,,,,,,,,
F2,112,L14,1,LAB,M,6:30 PM,9:30 PM,9/6/2024,12/8/2022,,,,2024,W,,,,,,,,,,,,,,,,,,,,
F2,112,L15,1,LAB,T,9:30 AM,12:30 PM,9/6/2024,12/8/2022,,,,2024,W,,,,,,,,,,,,,,,,,,,,
F2,112,L16,1,LAB,T,2:30 PM,5:30 PM,9/6/2024,12/8/2022,,,,2024,W,,,,,,,,,,,,,,,,,,,,
F2,112,L17,1,LAB,T,6:30 PM,9:30 PM,9/6/2024,12/8/2022,,,,2024,W,,,,,,,,,,,,,,,,,,,,
F2,112,L18,1,LAB,W,9:30 AM,12:30 PM,9/6/2024,12/8/2022,,,,2024,W,,,,,,,,,,,,,,,,,,,,
F2,112,L20,1,LAB,W,6:30 PM,9:30 PM,9/6/2024,12/8/2022,,,,2024,W,,,,,,,,,,,,,,,,,,,,
F2,112,L21,1,LAB,R,9:30 AM,12:30 PM,9/6/2024,12/8/2022,,,,2024,W,,,,,,,,,,,,,,,,,,,,
F2,112,L22,1,LAB,R,2:30 PM,5:30 PM,9/6/2024,12/8/2022,,,,2024,W,,,,,,,,,,,,,,,,,,,,
F2,112,L23,1,LAB,R,6:30 PM,9:30 PM,9/6/2024,12/8/2022,,,,2024,W,,,,,,,,,,,,,,,,,,,,
F2,112,T01,1,TUT,M,11:00 AM,12:00 PM,9/6/2024,12/8/2022,,,,2024,W,,,,,,,,,,,,,,,,,,,,
F2,112,T02,1,TUT,T,12:00 PM,1:00 PM,9/6/2024,12/8/2022,,,,2024,W,,,,,,,,,,,,,,,,,,,,
F2,112,T03,1,TUT,F,9:00 AM,10:00 AM,9/6/2024,12/8/2022,,,,2024,W,,,,,,,,,,,,,,,,,,,,
F2,112,T04,1,TUT,W,8:00 AM,9:00 AM,9/6/2024,12/8/2022,,,,2024,W,,,,,,,,,,,,,,,,,,,,
F2,112,T05,1,TUT,W,12:00 PM,1:00 PM,9/6/2024,12/8/2022,,,,2024,W,,,,,,,,,,,,,,,,,,,,
F2,112,T06,1,TUT,M,2:00 PM,3:00 PM,9/6/2024,12/8/2022,,,,2024,W,,,,,,,,,,,,,,,,,,,,
F2,112,T07,1,TUT,W,4:00 PM,5:00 PM,9/6/2024,12/8/2022,,,,2024,W,,,,,,,,,,,,,,,,,,,,
F2,112,T08,1,TUT,T,11:00 AM,12:00 PM,9/6/2024,12/8/2022,,,,2024,W,,,,,,,,,,,,,,,,,,,,
F2,112,T09,1,TUT,M,9:00 AM,10:00 AM,9/6/2024,12/8/2022,,,,2024,W,,,,,,,,,,,,,,,,,,,,
F2,112,T10,1,TUT,M,4:00 PM,5:00 PM,9/6/2024,12/8/2022,,,,2024,W,,,,,,,,,,,,,,,,,,,,
F2,112,T11,1,TUT,F,8:00 AM,9:00 AM,9/6/2024,12/8/2022,,,,2024,W,,,,,,,,,,,,,,,,,,,,
F2,112,T12,1,TUT,F,10:00 AM,11:00 AM,9/6/2024,12/8/2022,,,,2024,W,,,,,,,,,,,,,,,,,,,,
F2,112,T13,1,TUT,M,8:00 AM,9:00 AM,9/6/2024,12/8/2022,,,,2024,W,,,,,,,,,,,,,,,,,,,,
F2,112,WL1,1,W-L,,,,9/6/2024,12/8/2022,,,,2024,W,,,,,,,,,,,,,,,,,,,,
F2,112,WL2,1,W-L,,,,9/6/2024,12/8/2022,,,,2024,W,,,,,,,,,,,,,,,,,,,,
F2,112,XM1,1,LAB,,,,9/6/2024,12/8/2022,,,,2024,W,,,,,,,,,,,,,,,,,,,,
F2,112,XM2,1,TUT,,,,9/6/2024,12/8/2022,,,,2024,W,,,,,,,,,,,,,,,,,,,,
F2,200,1,1,LEC,WF,12:30 PM,2:00 PM,9/6/2024,12/8/2022,,,,2024,W,,,0,,,30,,2,2,2,0,1,,,60,60,1,1,1,60
F2,200,S01,1,SEM,F,10:00 AM,11:00 AM,9/6/2024,12/8/2022,,,,2024,W,,,0,,,30,,2,2,2,0,1,,,60,60,1,1,1,60
F2,200,WL1,1,W-L,,,,9/6/2024,12/8/2022,,,,2024,W,,,,,,,,,,,,,,,,,,,,
F2,225,1,1,LEC,TR,11:00 AM,12:30 PM,9/6/2024,12/8/2022,,,,2024,W,,,0,,,30,,2,2,2,0,1,,,60,60,1,1,1,60
F2,225,WL1,1,W-L,,,,9/6/2024,12/8/2022,,,,2024,W,,,,,,,,,,,,,,,,,,,,
F2,231,1,1,LEC,WF,11:00 AM,12:00 PM,9/6/2024,12/8/2022,,,,2024,W,,,0,,,30,,2,2,2,0,1,,,60,60,1,1,1,60
F2,231,L01,1,LAB,M,10:30 AM,1:30 PM,9/6/2024,12/8/2022,,,,2024,W,,,1,,,,,,,,,,,,,,,,,
F2,231,WL1,1,W-L,,,,9/6/2024,12/8/2022,,,,2024,W,,,,,,,,,,,,,,,,,,,,
F2,301,1,1,LEC,MWF,4:00 PM,5:00 PM,9/6/2024,12/8/2022,,,,2024,W,,,0,,,30,,2,2,2,0,1,,,60,60,1,1,1,60
F2,301, S01,1,SEM,M,11:00 AM,12:00 PM,9/6/2024,12/8/2022,,,,2024,W,,,0,,,30,,2,2,2,0,1,,,60,60,1,1,1,60
F2,301,WL1,1,W-L,,,,9/6/2024,12/8/2022,,,,2024,W,,,,,,,,,,,,,,,,,,,,
F2,304,1,1,LEC,MW,2:00 PM,3:30 PM,9/6/2024,12/8/2022,,,,2024,W,,,0,,,30,,2,2,2,0,1,,,60,60,1,1,1,60
F2,304,WL1,1,W-L,,,,9/6/2024,12/8/2022,,,,2024,W,,,,,,,,,,,,,,,,,,,,
F2,324,101,1,LEC,MWF,1:00 PM,2:00 PM,9/6/2024,12/8/2022,,,,2024,W,,,0,,,30,,2,2,2,0,1,,,60,60,1,1,1,60
F2,324,WL1,1,W-L,,,,9/6/2024,12/8/2022,,,,2024,W,,,,,,,,,,,,,,,,,,,,
F2,331,1,1,LEC,T,2:00 PM,3:30 PM,9/6/2024,12/8/2022,,,,2024,W,,,0,,,30,,2,2,2,0,1,,,60,60,1,1,1,60
F2,331,L01,1,LAB,R,9:30 AM,12:30 PM,9/6/2024,12/8/2022,,,,2024,W,,,1,,,,,,,,,,,,,,,,,
F2,331,WL1,1,W-L,,,,9/6/2024,12/8/2022,,,,2024,W,,,,,,,,,,,,,,,,,,,,
F2,403,1,1,LEC,MWF,9:00 AM,10:00 AM,9/6/2024,12/8/2022,,,,2024,W,,,0,,,30,,2,2,2,0,1,,,60,60,1,1,1,60
F2,403,WL1,1,W-L,,,,9/6/2024,12/8/2022,,,,2024,W,,,,,,,,,,,,,,,,,,,,
F2,418,1,1,LEC,MW,5:00 PM,6:30 PM,9/6/2024,12/8/2022,,,,2024,W,,,0,,,30,,2,2,2,0,1,,,60,60,1,1,1,60
F2,418,WL1,1,W-L,,,,9/6/2024,12/8/2022,,,,2024,W,,,,,,,,,,,,,,,,,,,,
F2,420,1,1,LEC,WF,11:00 AM,12:30 PM,9/6/2024,12/8/2022,,,,2024,W,,,,,,,,,,,,,,,,,,,,
F2,420,WL1,1,W-L,,,,9/6/2024,12/8/2022,,,,2024,W,,,,,,,,,,,,,,,,,,,,
F2,448,1,1,IND,,,,9/6/2024,12/8/2022,,,,2024,W,,,,,,,,,,,,,,,,,,,,
F2,448,1,1,IND,,,,9/6/2024,12/8/2022,,,,2024,W,,,,,,,,,,,,,,,,,,,,
F2,448,2,1,IND,,,,9/6/2024,12/8/2022,,,,2024,W,,,,,,,,,,,,,,,,,,,,
F2,448,2,1,IND,,,,9/6/2024,12/8/2022,,,,2024,W,,,,,,,,,,,,,,,,,,,,
F2,448,3,1,IND,,,,9/6/2024,12/8/2022,,,,2024,W,,,,,,,,,,,,,,,,,,,,
F2,448,4,1,IND,,,,9/6/2024,12/8/2022,,,,2024,W,,,,,,,,,,,,,,,,,,,,
F2,448,5,1,IND,,,,9/6/2024,12/8/2022,,,,2024,W,,,,,,,,,,,,,,,,,,,,
F2,448,101,,IND,,,,9/6/2024,4/13/2023,,,,2024,W,,,0,60,60,30,60,2,2,2,0,,,,,,,,,
F2,448,102,,IND,,,,9/6/2024,4/13/2023,,,,2024,W,,,,,,,,,,,,,,,,,,,,
F2,448,103,,IND,,,,9/6/2024,4/13/2023,,,,2024,W,,,,,,,,,,,,,,,,,,,,
F2,448,104,,IND,,,,9/6/2024,4/13/2023,,,,2024,W,,,,,,,,,,,,,,,,,,,,
F2,448,105,,IND,,,,9/6/2024,4/13/2023,,,,2024,W,,,,,,,,,,,,,,,,,,,,
F2,449,1,,THS,,,,9/6/2024,4/13/2023,,,,2024,W,,,,,,,,,,,,,,,,,,,,
F2,449,2,,THS,,,,9/6/2024,4/13/2023,,,,2024,W,,,,,,,,,,,,,,,,,,,,
F2,449,3,,THS,,,,9/6/2024,4/13/2023,,,,2024,W,,,,,,,,,,,,,,,,,,,,
F2,449,4,,THS,,,,9/6/2024,4/13/2023,,,,2024,W,,,,,,,,,,,,,,,,,,,,
F2,449,5,,THS,,,,9/6/2024,4/13/2023,,,,2024,W,,,,,,,,,,,,,,,,,,,,
F2,449,6,,THS,,,,9/6/2024,4/13/2023,,,,2024,W,,,,,,,,,,,,,,,,,,,,
F2,449,7,,THS,,,,9/6/2024,4/13/2023,,,,2024,W,,,,,,,,,,,,,,,,,,,,
F2,449,8,,THS,,,,9/6/2024,4/13/2023,,,,2024,W,,,,,,,,,,,,,,,,,,,,
F2,449,9,,THS,,,,9/6/2024,4/13/2023,,,,2024,W,,,,,,,,,,,,,,,,,,,,
F2,449,10,,THS,,,,9/6/2024,4/13/2023,,,,2024,W,,,,,,,,,,,,,,,,,,,,
F2,449,11,,THS,,,,9/6/2024,4/13/2023,,,,2024,W,,,,,,,,,,,,,,,,,,,,
F2,449,12,,THS,,,,9/6/2024,4/13/2023,,,,2024,W,,,,,,,,,,,,,,,,,,,,
F2,534,1,1,LEC,TF,9:00 AM,10:30 AM,9/6/2024,12/8/2022,,,,2024,W,,,,,,,,,,,,,,,,,,,,
F2,540,1,1,LEC,TR,1:30 PM,3:00 PM,9/6/2024,12/8/2022,,,,2024,W,,,,,,,,,,,,,,,,,,,,
F2,548,1,1,LEC,MW,9:00 AM,10:30 AM,9/6/2024,12/8/2022,,,,2024,W,,,,,,,,,,,,,,,,,,,,
F2,549,1,1,THS,,,,9/6/2024,12/8/2022,,,,2024,W,,,,,,,,,,,,,,,,,,,,
F2,549,201,,THS,,,,9/6/2024,4/13/2023,,,,2024,W,,,0,60,60,30,60,2,2,2,0,,,,,,,,,
F2,649,1,1,THS,,,,9/6/2024,12/8/2022,,,,2024,W,,,,,,,,,,,,,,,,,,,,
F2,649,201,,THS,,,,9/6/2024,4/13/2023,,,,2024,W,,,0,60,60,30,60,2,2,2,0,,,,,,,,,
F3,121,1,1,LEC,WF,2:00 PM,3:30 PM,9/6/2024,12/8/2022,,,,2024,W,,,0,,,30,,1,2,1,0,1,,,60,60,2,1,4,60
F3,121,L02,1,LAB,W,1:00 PM,2:00 PM,9/6/2024,12/8/2022,,,,2024,W,,,1,,,,,,,,,,,,,,,,,
F3,121,L03,1,LAB,T,1:00 PM,2:00 PM,9/6/2024,12/8/2022,,,,2024,W,,,1,,,,,,,,,,,,,,,,,
F3,121,L04,1,LAB,F,9:00 AM,10:00 AM,9/6/2024,12/8/2022,,,,2024,W,,,1,,,,,,,,,,,,,,,,,
F3,121,WL1,1,W-L,,,,9/6/2024,12/8/2022,,,,2024,W,,,,,,,,,,,,,,,,,,,,
F3,124,1,1,LEC,MW,9:30 AM,11:00 AM,9/6/2024,12/8/2022,,,,2024,W,,,0,,,30,,2,2,2,0,1,,,60,60,1,1,1,60
F3,124,L01,1,LAB,W,1:00 PM,2:00 PM,9/6/2024,12/8/2022,,,,2024,W,,,1,,,,,,,,,,,,,,,,,
F3,124,L02,1,LAB,M,4:00 PM,5:00 PM,9/6/2024,12/8/2022,,,,2024,W,,,1,,,,,,,,,,,,,,,,,
F3,124,L03,1,LAB,F,11:00 AM,12:00 PM,9/6/2024,12/8/2022,,,,2024,W,,,1,,,,,,,,,,,,,,,,,
F3,124,L04,1,LAB,W,4:00 PM,5:00 PM,9/6/2024,12/8/2022,,,,2024,W,,,1,,,,,,,,,,,,,,,,,
F3,124,L07,1,LAB,W,8:00 AM,9:00 AM,9/6/2024,12/8/2022,,,,2024,W,,,1,,,,,,,,,,,,,,,,,
F3,124,WL1,1,W-L,,,,9/6/2024,12/8/2022,,,,2024,W,,,,,,,,,,,,,,,,,,,,
F3,230,1,1,LEC,TR,9:30 AM,11:00 AM,9/6/2024,12/8/2022,,,,2024,W,,,0,,,30,,2,2,2,0,1,,,60,60,1,1,1,60
F3,230,L01,1,LAB,F,11:00 AM,12:00 PM,9/6/2024,12/8/2022,,,,2024,W,,,1,,,,,,,,,,,,,,,,,
F3,230,L05,1,LAB,W,4:00 PM,5:00 PM,9/6/2024,12/8/2022,,,,2024,W,,,1,,,,,,,,,,,,,,,,,
F3,230,WL1,1,W-L,,,,9/6/2024,12/8/2022,,,,2024,W,,,,,,,,,,,,,,,,,,,,
F3,303,1,1,LEC,TR,9:30 AM,11:00 AM,9/6/2024,12/8/2022,,,,2024,W,,F5302-001,0,,,30,,2,2,2,0,1,,,60,60,1,1,1,60
F3,303,WL1,1,W-L,,,,9/6/2024,12/8/2022,,,,2024,W,,,,,,,,,,,,,,,,,,,,
F3,403,1,1,LEC,MW,12:30 PM,2:00 PM,9/6/2024,12/8/2022,,,,2024,W,,F3560-001,0,,,30,,2,2,2,0,1,,,60,60,1,1,1,60
F3,403,WL1,1,W-L,,,,9/6/2024,12/8/2022,,,,2024,W,,,,,,,,,,,,,,,,,,,,
F3,406,1,1,LEC,TR,8:00 AM,9:30 AM,9/6/2024,12/8/2022,,,,2024,W,,F3547I-001,0,,,30,,2,2,2,0,1,,,60,60,1,1,1,60
F3,448,1,1,IND,,,,9/6/2024,12/8/2022,,,,2024,W,,,,,,,,,,,,,,,,,,,,
F3,448,1,,IND,,,,9/6/2024,4/13/2023,,,,2024,W,,,,,,,,,,,,,,,,,,,,
F3,448,1,1,IND,,,,9/6/2024,12/8/2022,,,,2024,W,,,,,,,,,,,,,,,,,,,,
F3,448,2,1,IND,,,,9/6/2024,12/8/2022,,,,2024,W,,,,,,,,,,,,,,,,,,,,
F3,448,2,,IND,,,,9/6/2024,4/13/2023,,,,2024,W,,,,,,,,,,,,,,,,,,,,
F3,448,2,1,IND,,,,9/6/2024,12/8/2022,,,,2024,W,,,,,,,,,,,,,,,,,,,,
F3,448,3,1,IND,,,,9/6/2024,12/8/2022,,,,2024,W,,,,,,,,,,,,,,,,,,,,
F3,448,3,,IND,,,,9/6/2024,4/13/2023,,,,2024,W,,,,,,,,,,,,,,,,,,,,
F3,448,4,,IND,,,,9/6/2024,4/13/2023,,,,2024,W,,,,,,,,,,,,,,,,,,,,
F3,448,5,,IND,,,,9/6/2024,4/13/2023,,,,2024,W,,,,,,,,,,,,,,,,,,,,
F3,547,1,1,LEC,TR,8:00 AM,9:30 AM,9/6/2024,12/8/2022,,,,2024,W,,F3406-001,,,,,,,,,,,,,,,,,,
F3,560,1,1,LEC,MW,12:30 PM,2:00 PM,9/6/2024,12/8/2022,,,,2024,W,,F3403-001,,,,,,,,,,,,,,,,,,
F3,560,WL1,1,W-L,,,,9/6/2024,12/8/2022,,,,2024,W,,,,,,,,,,,,,,,,,,,,
F4,101,1,1,LEC,TR,3:30 PM,5:00 PM,9/6/2024,12/8/2022,,,,2024,W,,,0,,,30,,1,2,2,0,1,,,60,60,1,1,2,60
F4,101,2,1,LEC,TR,12:30 PM,2:00 PM,9/6/2024,12/8/2022,,,,2024,W,,,0,,,30,,1,2,2,0,1,,,60,60,1,1,2,60
F4,101,L01,1,LAB,M,10:00 AM,11:00 AM,9/6/2024,12/8/2022,,,,2024,W,,,1,,,,,,,,,,,,,,,,,
F4,101,L02,1,LAB,M,12:00 PM,1:00 PM,9/6/2024,12/8/2022,,,,2024,W,,,1,,,,,,,,,,,,,,,,,
F4,101,L03,1,LAB,M,2:00 PM,3:00 PM,9/6/2024,12/8/2022,,,,2024,W,,,1,,,,,,,,,,,,,,,,,
F4,101,L04,1,LAB,W,12:00 PM,1:00 PM,9/6/2024,12/8/2022,,,,2024,W,,,1,,,,,,,,,,,,,,,,,
F4,101,L05,1,LAB,R,9:00 AM,10:00 AM,9/6/2024,12/8/2022,,,,2024,W,,,1,,,,,,,,,,,,,,,,,
F4,101,WL1,1,W-L,,,,9/6/2024,12/8/2022,,,,2024,W,,,,,,,,,,,,,,,,,,,,
F4,311,101,1,LEC,WF,2:00 PM,3:30 PM,9/6/2024,12/8/2022,,,,2024,W,,,0,,,30,,2,2,2,0,1,,,60,60,1,1,1,60
F4,311,201,1,LEC,WF,2:00 PM,3:30 PM,9/6/2024,12/8/2022,,,,2024,W,,F5620A-201,0,,,30,,2,2,2,0,1,,,60,60,1,1,1,60
F4,311,L01,1,LAB,M,10:00 AM,12:00 PM,9/6/2024,12/8/2022,,,,2024,W,,,1,,,,,,,,,,,,,,,,,
F4,311,L02,1,LAB,M,8:00 AM,10:00 AM,9/6/2024,12/8/2022,,,,2024,W,,,1,,,,,,,,,,,,,,,,,
F4,311,L03,1,LAB,M,4:00 PM,6:00 PM,9/6/2024,12/8/2022,,,,2024,W,,,1,,,,,,,,,,,,,,,,,
F4,311,L04,1,LAB,F,12:00 PM,2:00 PM,9/6/2024,12/8/2022,,,,2024,W,,,1,,,,,,,,,,,,,,,,,
F4,311,L1A,1,LAB,M,10:00 AM,12:00 PM,9/6/2024,12/8/2022,,,,2024,W,,,1,,,,,,,,,,,,,,,,,
F4,311,L1B,1,LAB,M,8:00 AM,10:00 AM,9/6/2024,12/8/2022,,,,2024,W,,,1,,,,,,,,,,,,,,,,,
F4,311,L1C,1,LAB,M,4:00 PM,6:00 PM,9/6/2024,12/8/2022,,,,2024,W,,,1,,,,,,,,,,,,,,,,,
F4,311,L1D,1,LAB,F,12:00 PM,2:00 PM,9/6/2024,12/8/2022,,,,2024,W,,,1,,,,,,,,,,,,,,,,,
F4,311,WL1,1,W-L,,,,9/6/2024,12/8/2022,,,,2024,W,,,,,,,,,,,,,,,,,,,,
F4,405,1,1,LEC,TR,5:00 PM,6:30 PM,9/6/2024,12/8/2022,,,,2024,W,,F4505-001,0,,,30,,2,2,2,0,1,,,60,60,1,1,1,60
F4,405,L01,1,LAB,F,8:00 AM,10:00 AM,9/6/2024,12/8/2022,,,,2024,W,,,,,,,,,,,,,,,,,,,,
F4,405,L02,1,LAB,F,10:00 AM,12:00 PM,9/6/2024,12/8/2022,,,,2024,W,,,,,,,,,,,,,,,,,,,,
F4,405,WL1,1,W-L,,,,9/6/2024,12/8/2022,,,,2024,W,,,,,,,,,,,,,,,,,,,,
F4,448,1,1,IND,,,,9/6/2024,12/8/2022,,,,2024,W,,,,,,,,,,,,,,,,,,,,
F4,448,1,,IND,,,,9/6/2024,4/13/2023,,,,2024,W,,,,,,,,,,,,,,,,,,,,
F4,448,1,1,IND,,,,9/6/2024,12/8/2022,,,,2024,W,,,,,,,,,,,,,,,,,,,,
F4,448,2,1,IND,,,,9/6/2024,12/8/2022,,,,2024,W,,,,,,,,,,,,,,,,,,,,
F4,448,2,,IND,,,,9/6/2024,4/13/2023,,,,2024,W,,,,,,,,,,,,,,,,,,,,
F4,448,2,1,IND,,,,9/6/2024,12/8/2022,,,,2024,W,,,,,,,,,,,,,,,,,,,,
F4,448,3,1,IND,,,,9/6/2024,12/8/2022,,,,2024,W,,,,,,,,,,,,,,,,,,,,
F4,448,3,,IND,,,,9/6/2024,4/13/2023,,,,2024,W,,,,,,,,,,,,,,,,,,,,
F4,449,1,,THS,,,,9/6/2024,4/13/2023,,,,2024,W,,,,,,,,,,,,,,,,,,,,
F4,449,2,,THS,,,,9/6/2024,4/13/2023,,,,2024,W,,,,,,,,,,,,,,,,,,,,
F4,449,3,,THS,,,,9/6/2024,4/13/2023,,,,2024,W,,,,,,,,,,,,,,,,,,,,
F4,449,4,,THS,,,,9/6/2024,4/13/2023,,,,2024,W,,,,,,,,,,,,,,,,,,,,
F4,449,5,,THS,,,,9/6/2024,4/13/2023,,,,2024,W,,,,,,,,,,,,,,,,,,,,
F4,505,1,1,LEC,TR,5:00 PM,6:30 PM,9/6/2024,12/8/2022,,,,2024,W,,F4405-001,,,,,,,,,,,,,,,,,,
F4,505,WL1,1,W-L,,,,9/6/2024,12/8/2022,,,,2024,W,,,,,,,,,,,,,,,,,,,,
F4,530,1,1,LEC,MW,9:30 AM,11:00 AM,9/6/2024,10/5/2022,,,,2024,W,,,,,,,,,,,,,,,,,,,,
F4,530,L01,1,LAB,T,12:30 PM,4:30 PM,9/6/2024,10/4/2022,,,,2024,W,,,,,,,,,,,,,,,,,,,,
F4,530,T1A,1,TUT,T,8:30 AM,9:30 AM,9/6/2024,10/4/2022,,,,2024,W,,,,,,,,,,,,,,,,,,,,
F4,531,1,1,LEC,MW,11:00 AM,12:30 PM,9/6/2024,10/5/2022,,,,2024,W,,,,,,,,,,,,,,,,,,,,
F4,531,L01,1,LAB,W,12:30 PM,4:30 PM,9/6/2024,10/5/2022,,,,2024,W,,,,,,,,,,,,,,,,,,,,
F4,531,T1A,1,TUT,W,8:30 AM,9:30 AM,9/6/2024,10/5/2022,,,,2024,W,,,,,,,,,,,,,,,,,,,,
F4,532,1,1,LEC,TR,9:30 AM,11:00 AM,10/11/2024,11/17/2022,,,,2024,W,,,,,,,,,,,,,,,,,,,,
F4,532,L01,1,LAB,W,12:30 PM,4:30 PM,10/12/2024,11/16/2022,,,,2024,W,,,,,,,,,,,,,,,,,,,,
F4,532,T1A,1,TUT,T,8:30 AM,9:30 AM,10/11/2024,11/15/2022,,,,2024,W,,,,,,,,,,,,,,,,,,,,
F4,533,101,1,LEC,TR,11:00 AM,12:30 PM,11/22/2024,12/22/2022,,,,2024,W,,,,,,,,,,,,,,,,,,,,
F4,533,L01,1,LAB,M,12:30 PM,4:30 PM,11/21/2024,12/19/2022,,,,2024,W,,,,,,,,,,,,,,,,,,,,
F4,533,T1A,1,TUT,W,8:30 AM,9:30 AM,11/23/2024,12/21/2022,,,,2024,W,,,,,,,,,,,,,,,,,,,,
F4,540,1,1,LEC,TR,11:00 AM,12:30 PM,10/11/2024,11/17/2022,,,,2024,W,,,,,,,,,,,,,,,,,,,,
F4,540,L01,1,LAB,M,12:30 PM,4:30 PM,10/10/2024,11/14/2022,,,,2024,W,,,,,,,,,,,,,,,,,,,,
F4,540,T1A,1,TUT,M,8:30 AM,9:30 AM,10/10/2024,11/14/2022,,,,2024,W,,,,,,,,,,,,,,,,,,,,
F4,541,1,1,LEC,TR,9:30 AM,11:00 AM,9/6/2024,10/6/2022,,,,2024,W,,,,,,,,,,,,,,,,,,,,
F4,541,L01,1,LAB,M,12:30 PM,4:30 PM,9/6/2024,10/3/2022,,,,2024,W,,,,,,,,,,,,,,,,,,,,
F4,541,T1A,1,TUT,M,8:30 AM,9:30 AM,9/6/2024,10/3/2022,,,,2024,W,,,,,,,,,,,,,,,,,,,,
F4,543,1,1,LEC,MW,9:30 AM,11:00 AM,11/21/2024,12/21/2022,,,,2024,W,,,,,,,,,,,,,,,,,,,,
F4,543,L01,1,LAB,W,12:30 PM,4:30 PM,11/23/2024,12/21/2022,,,,2024,W,,,,,,,,,,,,,,,,,,,,
F4,543,T1A,1,TUT,R,8:30 AM,9:30 AM,11/24/2024,12/22/2022,,,,2024,W,,,,,,,,,,,,,,,,,,,,
F4,553,1,1,LEC,MW,11:00 AM,12:30 PM,10/10/2024,11/16/2022,,,,2024,W,,,,,,,,,,,,,,,,,,,,
F4,553,L01,1,LAB,T,12:30 PM,4:30 PM,10/11/2024,11/15/2022,,,,2024,W,,,,,,,,,,,,,,,,,,,,
F4,553,T1A,1,TUT,R,8:30 AM,9:30 AM,10/13/2024,11/17/2022,,,,2024,W,,,,,,,,,,,,,,,,,,,,
F4,570,1,1,LEC,MW,9:30 AM,11:00 AM,10/10/2024,11/16/2022,,,,2024,W,,,,,,,,,,,,,,,,,,,,
F4,570,L01,1,LAB,R,12:30 PM,4:30 PM,10/13/2024,11/17/2022,,,,2024,W,,,,,,,,,,,,,,,,,,,,
F4,570,T1A,1,TUT,W,8:30 AM,9:30 AM,10/12/2024,11/16/2022,,,,2024,W,,,,,,,,,,,,,,,,,,,,
F4,571,101,1,LEC,MW,11:00 AM,12:30 PM,11/21/2024,12/21/2022,,,,2024,W,,,,,,,,,,,,,,,,,,,,
F4,571,L01,1,LAB,T,12:30 PM,4:30 PM,11/22/2024,12/20/2022,,,,2024,W,,,,,,,,,,,,,,,,,,,,
F4,571,T1A,1,TUT,M,8:30 AM,9:30 AM,11/21/2024,12/19/2022,,,,2024,W,,,,,,,,,,,,,,,,,,,,
F4,580,1,1,LEC,TR,11:00 AM,12:30 PM,9/6/2024,10/6/2022,,,,2024,W,,,,,,,,,,,,,,,,,,,,
F4,580,L01,1,LAB,R,12:30 PM,4:30 PM,9/6/2024,10/6/2022,,,,2024,W,,,,,,,,,,,,,,,,,,,,
F4,580,T1A,1,TUT,R,8:30 AM,9:30 AM,9/6/2024,10/6/2022,,,,2024,W,,,,,,,,,,,,,,,,,,,,
F4,581,101,1,LEC,TR,9:30 AM,11:00 AM,11/22/2024,12/22/2022,,,,2024,W,,,,,,,,,,,,,,,,,,,,
F4,581,L01,1,LAB,R,12:30 PM,4:30 PM,11/24/2024,12/22/2022,,,,2024,W,,,,,,,,,,,,,,,,,,,,
F4,581,T1A,1,TUT,T,8:30 AM,9:30 AM,11/22/2024,12/20/2022,,,,2024,W,,,,,,,,,,,,,,,,,,,,
